Workbook

Sheet DASHBOARD

Sheet MONTH
B1: Admissions | C1: Discharges | D1: Deaths | E1: ALOS | F1: BTR | G1: BTI | H1: Bed Occupancy Rate | I1: Deaths Rate
A2: JANUARY | B2: =Monthly!D13 -> 398 | C2: =Monthly!E13 -> 330 | D2: =Monthly!F13 -> 11 | E2: =Monthly!L13 -> 7.568915 | F2: =Monthly!N13 -> 1.9157303 | G2: =Monthly!M13 -> 8.6129032 | H2: =Monthly!O13 -> 46.774194 | I2: =Monthly!P13 -> 3.2258065
A3: FEBRUARY
A4: MARCH
A5: APRIL
A6: MAY
A7: JUNE
A8: JULY
A9: AUGUST
A10: SEPTEMBER
A11: OCTOBER
A12: NOVEMBER
A13: DECEMBER
A15: Death Rate By Wards | B15: Male | C15: Female | D15: Children | E15: Block F | F15: Block G | G15: Block H | H15: NICU | I15: A&E
A16: JANUARY | B16: =Monthly!P4 -> #DIV/0! | C16: =Monthly!P6 -> #DIV/0! | D16: =Monthly!P5 -> #DIV/0! | E16: =Monthly!P7 -> 0 | F16: =Monthly!P9 -> 0 | G16: =Monthly!P10 -> 0 | H16: =Monthly!P12 -> 2.3255814 | I16: =(Monthly!P8+Monthly!P11)/2 -> 23.492723
A17: FEBRUARY
A18: MARCH
A19: APRIL
A20: MAY
A21: JUNE
A22: JULY
A23: AUGUST
A24: SEPTEMBER
A25: OCTOBER
A26: NOVEMBER
A27: DECEMBER

Sheet Monthly
A1: GHANA HEALTH SERVICE
A2: MONTHLY BED UTILIZATION FORM - JANUARY, 2025
A3: WARD | B3: Patients on bed at the beginning of the month | C3: Bed Compliment | D3: Admissions | E3: Discharges | F3: Deaths | G3: Deaths <24Hrs | H3: Patient Days | I3: Transfer In | J3: Transfer Out | K3: Average Daily Bed Occupancy | L3: Average Length of Stay | M3: Bed Turnover Interval | N3: Bed Turnover Rate | O3: Percentage of Occupancy | P3: Death Rate
A4: Male Medical | B4: =Male!H4 -> 18 | C4: 32 | D4: =Male!B38 -> 0 | E4: =Male!C38 -> 0 | F4: =Male!D38 -> 0 | G4: =Male!E38 -> 0 | H4: =Male!H38 -> 558 | I4: =Male!F38 -> 0 | J4: =Male!G38 -> 0 | K4: =H4/31 -> 18 | L4: =H4/(E4+F4) -> #DIV/0! | M4: =((C4*31)-H4)/(E4+F4) -> #DIV/0! | N4: =(E4+F4)/C4 -> 0 | O4: =H4*100/(C4*31) -> 56.25 | P4: =F4*100/(E4+F4) -> #DIV/0!
A5: Paediatry | B5: =Paediatric!H4 -> 6 | C5: 27 | D5: =Paediatric!B38 -> 0 | E5: =Paediatric!C38 -> 0 | F5: =Paediatric!D38 -> 0 | G5: =Paediatric!E38 -> 0 | H5: =Paediatric!H38 -> 186 | I5: =Paediatric!F38 -> 0 | J5: =Paediatric!G38 -> 0 | K5: =H5/31 -> 6 | L5: =H5/(E5+F5) -> #DIV/0! | M5: =((C5*31)-H5)/(E5+F5) -> #DIV/0! | N5: =(E5+F5)/C5 -> 0 | O5: =H5*100/(C5*31) -> 22.222222 | P5: =F5*100/(E5+F5) -> #DIV/0!
A6: Female Medical | B6: =Female!H4 -> 15 | C6: 28 | D6: =Female!B38 -> 0 | E6: =Female!C38 -> 0 | F6: =Female!D38 -> 0 | G6: =Female!E38 -> 0 | H6: =Female!H38 -> 465 | I6: =Female!F38 -> 0 | J6: =Female!G38 -> 0 | K6: =H6/31 -> 15 | L6: =H6/(E6+F6) -> #DIV/0! | M6: =((C6*31)-H6)/(E6+F6) -> #DIV/0! | N6: =(E6+F6)/C6 -> 0 | O6: =H6*100/(C6*31) -> 53.571429 | P6: =F6*100/(E6+F6) -> #DIV/0!
A7: Block F | B7: ='BLK F'!H4 -> 12 | C7: 20 | D7: ='BLK F'!B38 -> 82 | E7: ='BLK F'!C38 -> 81 | F7: ='BLK F'!D38 -> 0 | G7: ='BLK F'!E38 -> 0 | H7: ='BLK F'!H38 -> 277 | I7: ='BLK F'!F38 -> 1 | J7: ='BLK F'!G38 -> 7 | K7: =H7/31 -> 8.9354839 | L7: =H7/(E7+F7) -> 3.4197531 | M7: =((C7*31)-H7)/(E7+F7) -> 4.2345679 | N7: =(E7+F7)/C7 -> 4.05 | O7: =H7*100/(C7*31) -> 44.677419 | P7: =F7*100/(E7+F7) -> 0
A8: Male Emergency | B8: ='Male Emergency'!H4 -> 2 | C8: 10 | D8: ='Male Emergency'!B38 -> 63 | E8: ='Male Emergency'!C38 -> 31 | F8: ='Male Emergency'!D38 -> 6 | G8: ='Male Emergency'!E38 -> 7 | H8: ='Male Emergency'!H38 -> 123 | I8: ='Male Emergency'!F38 -> 0 | J8: ='Male Emergency'!G38 -> 27 | K8: =H8/31 -> 3.9677419 | L8: =H8/(E8+F8) -> 3.3243243 | M8: =((C8*31)-H8)/(E8+F8) -> 5.0540541 | N8: =(E8+F8)/C8 -> 3.7 | O8: =H8*100/(C8*31) -> 39.677419 | P8: =F8*100/(E8+F8) -> 16.216216
A9: Block G | B9: ='BLK G'!H4 -> 8 | C9: 14 | D9: ='BLK G'!B38 -> 95 | E9: ='BLK G'!C38 -> 90 | F9: ='BLK G'!D38 -> 0 | G9: ='BLK G'!E38 -> 0 | H9: ='BLK G'!H38 -> 199 | I9: ='BLK G'!F38 -> 23 | J9: ='BLK G'!G38 -> 28 | K9: =H9/31 -> 6.4193548 | L9: =H9/(E9+F9) -> 2.2111111 | M9: =((C9*31)-H9)/(E9+F9) -> 2.6111111 | N9: =(E9+F9)/C9 -> 6.4285714 | O9: =H9*100/(C9*31) -> 45.852535 | P9: =F9*100/(E9+F9) -> 0
A10: Block H | B10: ='BLK H'!H4 -> 12 | C10: 22 | D10: ='BLK H'!B38 -> 69 | E10: ='BLK H'!C38 -> 77 | F10: ='BLK H'!D38 -> 0 | G10: ='BLK H'!E38 -> 0 | H10: ='BLK H'!H38 -> 361 | I10: ='BLK H'!F38 -> 31 | J10: ='BLK H'!G38 -> 20 | K10: =H10/31 -> 11.645161 | L10: =H10/(E10+F10) -> 4.6883117 | M10: =((C10*31)-H10)/(E10+F10) -> 4.1688312 | N10: =(E10+F10)/C10 -> 3.5 | O10: =H10*100/(C10*31) -> 52.932551 | P10: =F10*100/(E10+F10) -> 0
A11: Female Emergency | B11: ='Female Emergency'!H4 -> 4 | C11: 10 | D11: ='Female Emergency'!B38 -> 45 | E11: ='Female Emergency'!C38 -> 9 | F11: ='Female Emergency'!D38 -> 4 | G11: ='Female Emergency'!E38 -> 1 | H11: ='Female Emergency'!H38 -> 96 | I11: ='Female Emergency'!F38 -> 0 | J11: ='Female Emergency'!G38 -> 33 | K11: =H11/31 -> 3.0967742 | L11: =H11/(E11+F11) -> 7.3846154 | M11: =((C11*31)-H11)/(E11+F11) -> 16.461538 | N11: =(E11+F11)/C11 -> 1.3 | O11: =H11*100/(C11*31) -> 30.967742 | P11: =F11*100/(E11+F11) -> 30.769231
A12: Neonatal Ward | B12: =Neonatal!H4 -> 11 | C12: 15 | D12: =Neonatal!B38 -> 44 | E12: =Neonatal!C38 -> 42 | F12: =Neonatal!D38 -> 1 | G12: =Neonatal!E38 -> 0 | H12: =Neonatal!H38 -> 316 | I12: =Neonatal!F38 -> 0 | J12: =Neonatal!G38 -> 1 | K12: =H12/31 -> 10.193548 | L12: =H12/(E12+F12) -> 7.3488372 | M12: =((C12*31)-H12)/(E12+F12) -> 3.4651163 | N12: =(E12+F12)/C12 -> 2.8666667 | O12: =H12*100/(C12*31) -> 67.956989 | P12: =F12*100/(E12+F12) -> 2.3255814
A13: TOTAL | B13: =SUM(B4:B12) -> 88 | C13: =SUM(C4:C12) -> 178 | D13: =SUM(D4:D12) -> 398 | E13: =SUM(E4:E12) -> 330 | F13: =SUM(F4:F12) -> 11 | G13: =SUM(G4:G12) -> 8 | H13: =SUM(H4:H12) -> 2581 | I13: =SUM(I4:I12) -> 55 | J13: =SUM(J4:J12) -> 116 | K13: =H13/31 -> 83.258065 | L13: =H13/(E13+F13) -> 7.568915 | M13: =((C13*31)-H13)/(E13+F13) -> 8.6129032 | N13: =(E13+F13)/C13 -> 1.9157303 | O13: =H13*100/(C13*31) -> 46.774194 | P13: =F13*100/(E13+F13) -> 3.2258065
A14: Emergency | B14: =B8+B11 -> 6 | C14: =C8+C11 -> 20 | D14: =D8+D11 -> 108 | E14: =E8+E11 -> 40 | F14: =F8+F11 -> 10 | G14: =G8+G11 -> 8 | H14: =H8+H11 -> 219 | I14: =I8+I11 -> 0 | J14: =J8+J11 -> 60 | K14: =H14/31 -> 7.0645161 | L14: =H14/(E14+F14) -> 4.38 | M14: =((C14*31)-H14)/(E14+F14) -> 8.02 | N14: =(E14+F14)/C14 -> 2.5 | O14: =H14*100/(C14*31) -> 35.322581 | P14: =F14*100/(E14+F14) -> 20 | Q14: =G14/(F14+G14)*100 -> 44.444444
A16: GHANA HEALTH SERVICE
A17: MONTHLY BED UTILIZATION FORM - FEBRUARY, 2025
A18: WARD | B18: Patients on bed at the beginning of the month | C18: Bed Compliment | D18: Admissions | E18: Discharges | F18: Deaths | G18: Deaths <24Hrs | H18: Patient Days | I18: Transfer In | J18: Transfer Out | K18: Average Daily Bed Occupancy | L18: Average Length of Stay | M18: Bed Turnover Interval | N18: Bed Turnover Rate | O18: Percentage of Occupancy | P18: Death Rate
A19: Male Medical | B19: =Male!H37 -> 18 | C19: 32 | D19: =Male!B76 -> 0 | E19: =Male!C76 -> 0 | F19: =Male!D76 -> 0 | G19: =Male!E76 -> 0 | H19: =Male!H76 -> 522 | I19: =Male!F76 -> 0 | J19: =Male!G76 -> 0 | K19: =H19/28 -> 18.642857 | L19: =H19/(E19+F19) -> #DIV/0! | M19: =((C19*28)-H19)/(E19+F19) -> #DIV/0! | N19: =(E19+F19)/C19 -> 0 | O19: =H19*100/(C19*28) -> 58.258929 | P19: =F19*100/(E19+F19) -> #DIV/0!
A20: Paediatry | B20: =Paediatric!H37 -> 6 | C20: 27 | D20: =Paediatric!B76 -> 0 | E20: =Paediatric!C76 -> 0 | F20: =Paediatric!D76 -> 0 | G20: =Paediatric!E76 -> 0 | H20: =Paediatric!H76 -> 174 | I20: =Paediatric!F76 -> 0 | J20: =Paediatric!G76 -> 0 | K20: =H20/28 -> 6.2142857 | L20: =H20/(E20+F20) -> #DIV/0! | M20: =((C20*28)-H20)/(E20+F20) -> #DIV/0! | N20: =(E20+F20)/C20 -> 0 | O20: =H20*100/(C20*28) -> 23.015873 | P20: =F20*100/(E20+F20) -> #DIV/0!
A21: Female Medical | B21: =Female!H37 -> 15 | C21: 28 | D21: =Female!B76 -> 67 | E21: =Female!C76 -> 0 | F21: =Female!D76 -> 0 | G21: =Female!E76 -> 0 | H21: =Female!H76 -> 435 | I21: =Female!F76 -> 0 | J21: =Female!G76 -> 0 | K21: =H21/28 -> 15.535714 | L21: =H21/(E21+F21) -> #DIV/0! | M21: =((C21*28)-H21)/(E21+F21) -> #DIV/0! | N21: =(E21+F21)/C21 -> 0 | O21: =H21*100/(C21*28) -> 55.484694 | P21: =F21*100/(E21+F21) -> #DIV/0!
A22: Block F | B22: ='BLK F'!H37 -> 7 | C22: 20 | D22: ='BLK F'!B76 -> 65 | E22: ='BLK F'!C76 -> 63 | F22: ='BLK F'!D76 -> 0 | G22: ='BLK F'!E76 -> 0 | H22: ='BLK F'!H76 -> 165 | I22: ='BLK F'!F76 -> 0 | J22: ='BLK F'!G76 -> 2 | K22: =H22/28 -> 5.8928571 | L22: =H22/(E22+F22) -> 2.6190476 | M22: =((C22*28)-H22)/(E22+F22) -> 6.2698413 | N22: =(E22+F22)/C22 -> 3.15 | O22: =H22*100/(C22*28) -> 29.464286 | P22: =F22*100/(E22+F22) -> 0
A23: Male Emergency | B23: ='Male Emergency'!H37 -> 1 | C23: 10 | D23: ='Male Emergency'!B76 -> 74 | E23: ='Male Emergency'!C76 -> 23 | F23: ='Male Emergency'!D76 -> 5 | G23: ='Male Emergency'!E76 -> 5 | H23: ='Male Emergency'!H76 -> 128 | I23: ='Male Emergency'!F76 -> 0 | J23: ='Male Emergency'!G76 -> 42 | K23: =H23/28 -> 4.5714286 | L23: =H23/(E23+F23) -> 4.5714286 | M23: =((C23*28)-H23)/(E23+F23) -> 5.4285714 | N23: =(E23+F23)/C23 -> 2.8 | O23: =H23*100/(C23*28) -> 45.714286 | P23: =F23*100/(E23+F23) -> 17.857143
A24: Block G | B24: ='BLK G'!H37 -> 8 | C24: 14 | D24: ='BLK G'!B76 -> 84 | E24: ='BLK G'!C76 -> 71 | F24: ='BLK G'!D76 -> 0 | G24: ='BLK G'!E76 -> 0 | H24: ='BLK G'!H76 -> 213 | I24: ='BLK G'!F76 -> 22 | J24: ='BLK G'!G76 -> 33 | K24: =H24/28 -> 7.6071429 | L24: =H24/(E24+F24) -> 3 | M24: =((C24*28)-H24)/(E24+F24) -> 2.5211268 | N24: =(E24+F24)/C24 -> 5.0714286 | O24: =H24*100/(C24*28) -> 54.336735 | P24: =F24*100/(E24+F24) -> 0
A25: Block H | B25: ='BLK H'!H37 -> 15 | C25: 22 | D25: ='BLK H'!B76 -> 62 | E25: ='BLK H'!C76 -> 74 | F25: ='BLK H'!D76 -> 0 | G25: ='BLK H'!E76 -> 0 | H25: ='BLK H'!H76 -> 371 | I25: ='BLK H'!F76 -> 33 | J25: ='BLK H'!G76 -> 20 | K25: =H25/28 -> 13.25 | L25: =H25/(E25+F25) -> 5.0135135 | M25: =((C25*28)-H25)/(E25+F25) -> 3.3108108 | N25: =(E25+F25)/C25 -> 3.3636364 | O25: =H25*100/(C25*28) -> 60.227273 | P25: =F25*100/(E25+F25) -> 0
A26: Female Emergency | B26: ='Female Emergency'!H37 -> 3 | C26: 10 | D26: ='Female Emergency'!B76 -> 41 | E26: ='Female Emergency'!C76 -> 9 | F26: ='Female Emergency'!D76 -> 4 | G26: ='Female Emergency'!E76 -> 1 | H26: ='Female Emergency'!H76 -> 91 | I26: ='Female Emergency'!F76 -> 0 | J26: ='Female Emergency'!G76 -> 29 | K26: =H26/28 -> 3.25 | L26: =H26/(E26+F26) -> 7 | M26: =((C26*28)-H26)/(E26+F26) -> 14.538462 | N26: =(E26+F26)/C26 -> 1.3 | O26: =H26*100/(C26*28) -> 32.5 | P26: =F26*100/(E26+F26) -> 30.769231
A27: Neonatal Ward | B27: =Neonatal!H37 -> 11 | C27: 15 | D27: =Neonatal!B76 -> 61 | E27: =Neonatal!C76 -> 48 | F27: =Neonatal!D76 -> 3 | G27: =Neonatal!E76 -> 0 | H27: =Neonatal!H76 -> 520 | I27: =Neonatal!F76 -> 0 | J27: =Neonatal!G76 -> 0 | K27: =H27/28 -> 18.571429 | L27: =H27/(E27+F27) -> 10.196078 | M27: =((C27*28)-H27)/(E27+F27) -> -1.9607843 | N27: =(E27+F27)/C27 -> 3.4 | O27: =H27*100/(C27*28) -> 123.80952 | P27: =F27*100/(E27+F27) -> 5.8823529
A28: TOTAL | B28: =SUM(B19:B27) -> 84 | C28: =SUM(C19:C27) -> 178 | D28: =SUM(D19:D27) -> 454 | E28: =SUM(E19:E27) -> 288 | F28: =SUM(F19:F27) -> 12 | G28: =SUM(G19:G27) -> 6 | H28: =SUM(H19:H27) -> 2619 | I28: =SUM(I19:I27) -> 55 | J28: =SUM(J19:J27) -> 126 | K28: =H28/28 -> 93.535714 | L28: =H28/(E28+F28) -> 8.73 | M28: =((C28*28)-H28)/(E28+F28) -> 7.8833333 | N28: =(E28+F28)/C28 -> 1.6853933 | O28: =H28*100/(C28*28) -> 52.548154 | P28: =F28*100/(E28+F28) -> 4
A29: Emergency | B29: =B23+B26 -> 4 | C29: =C23+C26 -> 20 | D29: =D23+D26 -> 115 | E29: =E23+E26 -> 32 | F29: =F23+F26 -> 9 | G29: =G23+G26 -> 6 | H29: =H23+H26 -> 219 | I29: =I23+I26 -> 0 | J29: =J23+J26 -> 71 | K29: =H29/28 -> 7.8214286 | L29: =H29/(E29+F29) -> 5.3414634 | M29: =((C29*28)-H29)/(E29+F29) -> 8.3170732 | N29: =(E29+F29)/C29 -> 2.05 | O29: =H29*100/(C29*28) -> 39.107143 | P29: =F29*100/(E29+F29) -> 21.95122 | Q29: =G29/(F29+G29)*100 -> 40
A31: GHANA HEALTH SERVICE
A32: MONTHLY BED UTILIZATION FORM - MARCH, 2025
A33: WARD | B33: Patients on bed at the beginning of the month | C33: Bed Compliment | D33: Admissions | E33: Discharges | F33: Deaths | G33: Deaths <24Hrs | H33: Patient Days | I33: Transfer In | J33: Transfer Out | K33: Average Daily Bed Occupancy | L33: Average Length of Stay | M33: Bed Turnover Interval | N33: Bed Turnover Rate | O33: Percentage of Occupancy | P33: Death Rate
A34: Male Medical | B34: =Male!H82 -> 18 | C34: 32 | D34: =Male!B116 -> 0 | E34: =Male!C116 -> 0 | F34: =Male!D116 -> 0 | G34: =Male!E116 -> 0 | H34: =Male!H116 -> 558 | I34: =Male!F116 -> 0 | J34: =Male!G116 -> 0 | K34: =H34/31 -> 18 | L34: =H34/(E34+F34) -> #DIV/0! | M34: =((C34*31)-H34)/(E34+F34) -> #DIV/0! | N34: =(E34+F34)/C34 -> 0 | O34: =H34*100/(C34*31) -> 56.25 | P34: =F34*100/(E34+F34) -> #DIV/0!
A35: Paediatry | B35: =Paediatric!H82 -> 6 | C35: 27 | D35: =Paediatric!B116 -> 0 | E35: =Paediatric!C116 -> 0 | F35: =Paediatric!D116 -> 0 | G35: =Paediatric!E116 -> 0 | H35: =Paediatric!H116 -> 186 | I35: =Paediatric!F116 -> 0 | J35: =Paediatric!G116 -> 0 | K35: =H35/31 -> 6 | L35: =H35/(E35+F35) -> #DIV/0! | M35: =((C35*31)-H35)/(E35+F35) -> #DIV/0! | N35: =(E35+F35)/C35 -> 0 | O35: =H35*100/(C35*31) -> 22.222222 | P35: =F35*100/(E35+F35) -> #DIV/0!
A36: Female Medical | B36: =Female!H82 -> 15 | C36: 28 | D36: =Female!B116 -> 0 | E36: =Female!C116 -> 0 | F36: =Female!D116 -> 0 | G36: =Female!E116 -> 0 | H36: =Female!H116 -> 465 | I36: =Female!F116 -> 0 | J36: =Female!G116 -> 0 | K36: =H36/31 -> 15 | L36: =H36/(E36+F36) -> #DIV/0! | M36: =((C36*31)-H36)/(E36+F36) -> #DIV/0! | N36: =(E36+F36)/C36 -> 0 | O36: =H36*100/(C36*31) -> 53.571429 | P36: =F36*100/(E36+F36) -> #DIV/0!
A37: Block F | B37: ='BLK F'!H82 -> 7 | C37: 20 | D37: ='BLK F'!B116 -> 78 | E37: ='BLK F'!C116 -> 76 | F37: ='BLK F'!D116 -> 0 | G37: ='BLK F'!E116 -> 0 | H37: ='BLK F'!H116 -> 303 | I37: ='BLK F'!F116 -> 5 | J37: ='BLK F'!G116 -> 1 | K37: =H37/31 -> 9.7741935 | L37: =H37/(E37+F37) -> 3.9868421 | M37: =((C37*31)-H37)/(E37+F37) -> 4.1710526 | N37: =(E37+F37)/C37 -> 3.8 | O37: =H37*100/(C37*31) -> 48.870968 | P37: =F37*100/(E37+F37) -> 0
A38: Male Emergency | B38: ='Male Emergency'!H82 -> 5 | C38: 10 | D38: ='Male Emergency'!B116 -> 53 | E38: ='Male Emergency'!C116 -> 17 | F38: ='Male Emergency'!D116 -> 2 | G38: ='Male Emergency'!E116 -> 3 | H38: ='Male Emergency'!H116 -> 126 | I38: ='Male Emergency'!F116 -> 0 | J38: ='Male Emergency'!G116 -> 36 | K38: =H38/31 -> 4.0645161 | L38: =H38/(E38+F38) -> 6.6315789 | M38: =((C38*31)-H38)/(E38+F38) -> 9.6842105 | N38: =(E38+F38)/C38 -> 1.9 | O38: =H38*100/(C38*31) -> 40.645161 | P38: =F38*100/(E38+F38) -> 10.526316
A39: Block G | B39: ='BLK G'!H82 -> 10 | C39: 14 | D39: ='BLK G'!B116 -> 124 | E39: ='BLK G'!C116 -> 117 | F39: ='BLK G'!D116 -> 0 | G39: ='BLK G'!E116 -> 0 | H39: ='BLK G'!H116 -> 323 | I39: ='BLK G'!F116 -> 31 | J39: ='BLK G'!G116 -> 36 | K39: =H39/31 -> 10.419355 | L39: =H39/(E39+F39) -> 2.7606838 | M39: =((C39*31)-H39)/(E39+F39) -> 0.94871795 | N39: =(E39+F39)/C39 -> 8.3571429 | O39: =H39*100/(C39*31) -> 74.423963 | P39: =F39*100/(E39+F39) -> 0
A40: Block H | B40: ='BLK H'!H82 -> 16 | C40: 22 | D40: ='BLK H'!B116 -> 66 | E40: ='BLK H'!C116 -> 80 | F40: ='BLK H'!D116 -> 0 | G40: ='BLK H'!E116 -> 0 | H40: ='BLK H'!H116 -> 314 | I40: ='BLK H'!F116 -> 37 | J40: ='BLK H'!G116 -> 31 | K40: =H40/31 -> 10.129032 | L40: =H40/(E40+F40) -> 3.925 | M40: =((C40*31)-H40)/(E40+F40) -> 4.6 | N40: =(E40+F40)/C40 -> 3.6363636 | O40: =H40*100/(C40*31) -> 46.041056 | P40: =F40*100/(E40+F40) -> 0
A41: Female Emergency | B41: ='Female Emergency'!H82 -> 2 | C41: 10 | D41: ='Female Emergency'!B116 -> 62 | E41: ='Female Emergency'!C116 -> 21 | F41: ='Female Emergency'!D116 -> 4 | G41: ='Female Emergency'!E116 -> 2 | H41: ='Female Emergency'!H116 -> 52 | I41: ='Female Emergency'!F116 -> 0 | J41: ='Female Emergency'!G116 -> 37 | K41: =H41/31 -> 1.6774194 | L41: =H41/(E41+F41) -> 2.08 | M41: =((C41*31)-H41)/(E41+F41) -> 10.32 | N41: =(E41+F41)/C41 -> 2.5 | O41: =H41*100/(C41*31) -> 16.774194 | P41: =F41*100/(E41+F41) -> 16
A42: Neonatal Ward | B42: =Neonatal!H82 -> 21 | C42: 15 | D42: =Neonatal!B116 -> 42 | E42: =Neonatal!C116 -> 45 | F42: =Neonatal!D116 -> 3 | G42: =Neonatal!E116 -> 0 | H42: =Neonatal!H116 -> 443 | I42: =Neonatal!F116 -> 0 | J42: =Neonatal!G116 -> 0 | K42: =H42/31 -> 14.290323 | L42: =H42/(E42+F42) -> 9.2291667 | M42: =((C42*31)-H42)/(E42+F42) -> 0.45833333 | N42: =(E42+F42)/C42 -> 3.2 | O42: =H42*100/(C42*31) -> 95.268817 | P42: =F42*100/(E42+F42) -> 6.25
A43: TOTAL | B43: =SUM(B34:B42) -> 100 | C43: =SUM(C34:C42) -> 178 | D43: =SUM(D34:D42) -> 425 | E43: =SUM(E34:E42) -> 356 | F43: =SUM(F34:F42) -> 9 | G43: =SUM(G34:G42) -> 5 | H43: =SUM(H34:H42) -> 2770 | I43: =SUM(I34:I42) -> 73 | J43: =SUM(J34:J42) -> 141 | K43: =H43/31 -> 89.354839 | L43: =H43/(E43+F43) -> 7.5890411 | M43: =((C43*31)-H43)/(E43+F43) -> 7.5287671 | N43: =(E43+F43)/C43 -> 2.0505618 | O43: =H43*100/(C43*31) -> 50.199348 | P43: =F43*100/(E43+F43) -> 2.4657534
A44: Emergency | B44: =B38+B41 -> 7 | C44: =C38+C41 -> 20 | D44: =D38+D41 -> 115 | E44: =E38+E41 -> 38 | F44: =F38+F41 -> 6 | G44: =G38+G41 -> 5 | H44: =H38+H41 -> 178 | I44: =I38+I41 -> 0 | J44: =J38+J41 -> 73 | K44: =H44/31 -> 5.7419355 | L44: =H44/(E44+F44) -> 4.0454545 | M44: =((C44*31)-H44)/(E44+F44) -> 10.045455 | N44: =(E44+F44)/C44 -> 2.2 | O44: =H44*100/(C44*31) -> 28.709677 | P44: =F44*100/(E44+F44) -> 13.636364 | Q44: =G44/(F44+G44)*100 -> 45.454545
A46: GHANA HEALTH SERVICE
A47: MONTHLY BED UTILIZATION FORM - 1ST QUARTER, 2025
A48: WARD | B48: Patients on bed at the beginning of the 1st Quarter | C48: Bed Compliment | D48: Admissions | E48: Discharges | F48: Deaths | G48: Deaths <24Hrs | H48: Patient Days | I48: Transfer In | J48: Transfer Out | K48: Average Daily Bed Occupancy | L48: Average Length of Stay | M48: Bed Turnover Interval | N48: Bed Turnover Rate | O48: Percentage of Occupancy | P48: Death Rate
A49: Male Medical | B49: =B4 -> 18 | C49: 32 | D49: =D4+D19+D34 -> 0 | E49: =E4+E19+E34 -> 0 | F49: =F4+F19+F34 -> 0 | G49: =G4+G19+G34 -> 0 | H49: =H4+H19+H34 -> 1638 | I49: =I4+I19+I34 -> 0 | J49: =J4+J19+J34 -> 0 | K49: =H49/90 -> 18.2 | L49: =H49/(E49+F49) -> #DIV/0! | M49: =((C49*90)-H49)/(E49+F49) -> #DIV/0! | N49: =(E49+F49)/C49 -> 0 | O49: =H49*100/(C49*90) -> 56.875 | P49: =F49*100/(E49+F49) -> #DIV/0!
A50: Paediatry | B50: =B5 -> 6 | C50: 27 | D50: =D5+D20+D35 -> 0 | E50: =E5+E20+E35 -> 0 | F50: =F5+F20+F35 -> 0 | G50: =G5+G20+G35 -> 0 | H50: =H5+H20+H35 -> 546 | I50: =I5+I20+I35 -> 0 | J50: =J5+J20+J35 -> 0 | K50: =H50/90 -> 6.0666667 | L50: =H50/(E50+F50) -> #DIV/0! | M50: =((C50*90)-H50)/(E50+F50) -> #DIV/0! | N50: =(E50+F50)/C50 -> 0 | O50: =H50*100/(C50*90) -> 22.469136 | P50: =F50*100/(E50+F50) -> #DIV/0!
A51: Female Medical | B51: =B6 -> 15 | C51: 28 | D51: =D6+D21+D36 -> 67 | E51: =E6+E21+E36 -> 0 | F51: =F6+F21+F36 -> 0 | G51: =G6+G21+G36 -> 0 | H51: =H6+H21+H36 -> 1365 | I51: =I6+I21+I36 -> 0 | J51: =J6+J21+J36 -> 0 | K51: =H51/90 -> 15.166667 | L51: =H51/(E51+F51) -> #DIV/0! | M51: =((C51*90)-H51)/(E51+F51) -> #DIV/0! | N51: =(E51+F51)/C51 -> 0 | O51: =H51*100/(C51*90) -> 54.166667 | P51: =F51*100/(E51+F51) -> #DIV/0!
A52: Block F | B52: =B7 -> 12 | C52: 20 | D52: =D7+D22+D37 -> 225 | E52: =E7+E22+E37 -> 220 | F52: =F7+F22+F37 -> 0 | G52: =G7+G22+G37 -> 0 | H52: =H7+H22+H37 -> 745 | I52: =I7+I22+I37 -> 6 | J52: =J7+J22+J37 -> 10 | K52: =H52/90 -> 8.2777778 | L52: =H52/(E52+F52) -> 3.3863636 | M52: =((C52*90)-H52)/(E52+F52) -> 4.7954545 | N52: =(E52+F52)/C52 -> 11 | O52: =H52*100/(C52*90) -> 41.388889 | P52: =F52*100/(E52+F52) -> 0
A53: Male Emergency | B53: =B8 -> 2 | C53: 10 | D53: =D8+D23+D38 -> 190 | E53: =E8+E23+E38 -> 71 | F53: =F8+F23+F38 -> 13 | G53: =G8+G23+G38 -> 15 | H53: =H8+H23+H38 -> 377 | I53: =I8+I23+I38 -> 0 | J53: =J8+J23+J38 -> 105 | K53: =H53/90 -> 4.1888889 | L53: =H53/(E53+F53) -> 4.4880952 | M53: =((C53*90)-H53)/(E53+F53) -> 6.2261905 | N53: =(E53+F53)/C53 -> 8.4 | O53: =H53*100/(C53*90) -> 41.888889 | P53: =F53*100/(E53+F53) -> 15.47619
A54: Block G | B54: =B9 -> 8 | C54: 14 | D54: =D9+D24+D39 -> 303 | E54: =E9+E24+E39 -> 278 | F54: =F9+F24+F39 -> 0 | G54: =G9+G24+G39 -> 0 | H54: =H9+H24+H39 -> 735 | I54: =I9+I24+I39 -> 76 | J54: =J9+J24+J39 -> 97 | K54: =H54/90 -> 8.1666667 | L54: =H54/(E54+F54) -> 2.6438849 | M54: =((C54*90)-H54)/(E54+F54) -> 1.8884892 | N54: =(E54+F54)/C54 -> 19.857143 | O54: =H54*100/(C54*90) -> 58.333333 | P54: =F54*100/(E54+F54) -> 0
A55: Block H | B55: =B10 -> 12 | C55: 22 | D55: =D10+D25+D40 -> 197 | E55: =E10+E25+E40 -> 231 | F55: =F10+F25+F40 -> 0 | G55: =G10+G25+G40 -> 0 | H55: =H10+H25+H40 -> 1046 | I55: =I10+I25+I40 -> 101 | J55: =J10+J25+J40 -> 71 | K55: =H55/90 -> 11.622222 | L55: =H55/(E55+F55) -> 4.5281385 | M55: =((C55*90)-H55)/(E55+F55) -> 4.04329 | N55: =(E55+F55)/C55 -> 10.5 | O55: =H55*100/(C55*90) -> 52.828283 | P55: =F55*100/(E55+F55) -> 0
A56: Female Emergency | B56: =B11 -> 4 | C56: 10 | D56: =D11+D26+D41 -> 148 | E56: =E11+E26+E41 -> 39 | F56: =F11+F26+F41 -> 12 | G56: =G11+G26+G41 -> 4 | H56: =H11+H26+H41 -> 239 | I56: =I11+I26+I41 -> 0 | J56: =J11+J26+J41 -> 99 | K56: =H56/90 -> 2.6555556 | L56: =H56/(E56+F56) -> 4.6862745 | M56: =((C56*90)-H56)/(E56+F56) -> 12.960784 | N56: =(E56+F56)/C56 -> 5.1 | O56: =H56*100/(C56*90) -> 26.555556 | P56: =F56*100/(E56+F56) -> 23.529412
A57: Neonatal Ward | B57: =B12 -> 11 | C57: 15 | D57: =D12+D27+D42 -> 147 | E57: =E12+E27+E42 -> 135 | F57: =F12+F27+F42 -> 7 | G57: =G12+G27+G42 -> 0 | H57: =H12+H27+H42 -> 1279 | I57: =I12+I27+I42 -> 0 | J57: =J12+J27+J42 -> 1 | K57: =H57/90 -> 14.211111 | L57: =H57/(E57+F57) -> 9.0070423 | M57: =((C57*90)-H57)/(E57+F57) -> 0.5 | N57: =(E57+F57)/C57 -> 9.4666667 | O57: =H57*100/(C57*90) -> 94.740741 | P57: =F57*100/(E57+F57) -> 4.9295775
A58: TOTAL | B58: =SUM(B49:B57) -> 88 | C58: =SUM(C49:C57) -> 178 | D58: =SUM(D49:D57) -> 1277 | E58: =SUM(E49:E57) -> 974 | F58: =SUM(F49:F57) -> 32 | G58: =SUM(G49:G57) -> 19 | H58: =SUM(H49:H57) -> 7970 | I58: =SUM(I49:I57) -> 183 | J58: =SUM(J49:J57) -> 383 | K58: =H58/90 -> 88.555556 | L58: =H58/(E58+F58) -> 7.9224652 | M58: =((C58*90)-H58)/(E58+F58) -> 8.0019881 | N58: =(E58+F58)/C58 -> 5.6516854 | O58: =H58*100/(C58*90) -> 49.750312 | P58: =F58*100/(E58+F58) -> 3.1809145
A59: Emergency | B59: =B53+B56 -> 6 | C59: =C53+C56 -> 20 | D59: =D53+D56 -> 338 | E59: =E53+E56 -> 110 | F59: =F53+F56 -> 25 | G59: =G53+G56 -> 19 | H59: =H53+H56 -> 616 | I59: =I53+I56 -> 0 | J59: =J53+J56 -> 204 | K59: =H59/90 -> 6.8444444 | L59: =H59/(E59+F59) -> 4.562963 | M59: =((C59*90)-H59)/(E59+F59) -> 8.7703704 | N59: =(E59+F59)/C59 -> 6.75 | O59: =H59*100/(C59*90) -> 34.222222 | P59: =F59*100/(E59+F59) -> 18.518519 | Q59: =G59/(F59+G59)*100 -> 43.181818
A61: GHANA HEALTH SERVICE
A62: MONTHLY BED UTILIZATION FORM - APRIL, 2025
A63: WARD | B63: Patients on bed at the beginning of the month | C63: Bed Compliment | D63: Admissions | E63: Discharges | F63: Deaths | G63: Deaths <24Hrs | H63: Patient Days | I63: Transfer In | J63: Transfer Out | K63: Average Daily Bed Occupancy | L63: Average Length of Stay | M63: Bed Turnover Interval | N63: Bed Turnover Rate | O63: Percentage of Occupancy | P63: Death Rate
A64: Male Medical | B64: =Male!H122 -> 18 | C64: 32 | D64: =Male!B155 -> 0 | E64: =Male!C155 -> 0 | F64: =Male!D155 -> 0 | G64: =Male!E155 -> 0 | H64: =Male!H155 -> 540 | I64: =Male!F155 -> 0 | J64: =Male!G155 -> 0 | K64: =H64/30 -> 18 | L64: =H64/(E64+F64) -> #DIV/0! | M64: =((C64*30)-H64)/(E64+F64) -> #DIV/0! | N64: =(E64+F64)/C64 -> 0 | O64: =H64*100/(C64*30) -> 56.25 | P64: =F64*100/(E64+F64) -> #DIV/0!
A65: Paediatry | B65: =Paediatric!H122 -> 6 | C65: 27 | D65: =Paediatric!B155 -> 0 | E65: =Paediatric!C155 -> 0 | F65: =Paediatric!D155 -> 0 | G65: =Paediatric!E155 -> 0 | H65: =Paediatric!H155 -> 180 | I65: =Paediatric!F155 -> 0 | J65: =Paediatric!G155 -> 0 | K65: =H65/30 -> 6 | L65: =H65/(E65+F65) -> #DIV/0! | M65: =((C65*30)-H65)/(E65+F65) -> #DIV/0! | N65: =(E65+F65)/C65 -> 0 | O65: =H65*100/(C65*30) -> 22.222222 | P65: =F65*100/(E65+F65) -> #DIV/0!
A66: Female Medical | B66: =Female!H122 -> 15 | C66: 28 | D66: =Female!B155 -> 0 | E66: =Female!C155 -> 0 | F66: =Female!D155 -> 0 | G66: =Female!E155 -> 0 | H66: =Female!H155 -> 450 | I66: =Female!F155 -> 0 | J66: =Female!G155 -> 0 | K66: =H66/30 -> 15 | L66: =H66/(E66+F66) -> #DIV/0! | M66: =((C66*30)-H66)/(E66+F66) -> #DIV/0! | N66: =(E66+F66)/C66 -> 0 | O66: =H66*100/(C66*30) -> 53.571429 | P66: =F66*100/(E66+F66) -> #DIV/0!
A67: Block F | B67: ='BLK F'!H122 -> 13 | C67: 20 | D67: ='BLK F'!B155 -> 81 | E67: ='BLK F'!C155 -> 80 | F67: ='BLK F'!D155 -> 0 | G67: ='BLK F'!E155 -> 0 | H67: ='BLK F'!H155 -> 293 | I67: ='BLK F'!F155 -> 3 | J67: ='BLK F'!G155 -> 3 | K67: =H67/30 -> 9.7666667 | L67: =H67/(E67+F67) -> 3.6625 | M67: =((C67*30)-H67)/(E67+F67) -> 3.8375 | N67: =(E67+F67)/C67 -> 4 | O67: =H67*100/(C67*30) -> 48.833333 | P67: =F67*100/(E67+F67) -> 0
A68: Male Emergency | B68: ='Male Emergency'!H122 -> 3 | C68: 10 | D68: ='Male Emergency'!B155 -> 69 | E68: ='Male Emergency'!C155 -> 22 | F68: ='Male Emergency'!D155 -> 2 | G68: ='Male Emergency'!E155 -> 7 | H68: ='Male Emergency'!H155 -> 85 | I68: ='Male Emergency'!F155 -> 0 | J68: ='Male Emergency'!G155 -> 45 | K68: =H68/30 -> 2.8333333 | L68: =H68/(E68+F68) -> 3.5416667 | M68: =((C68*30)-H68)/(E68+F68) -> 8.9583333 | N68: =(E68+F68)/C68 -> 2.4 | O68: =H68*100/(C68*30) -> 28.333333 | P68: =F68*100/(E68+F68) -> 8.3333333
A69: Block G | B69: ='BLK G'!H122 -> 12 | C69: 14 | D69: ='BLK G'!B155 -> 155 | E69: ='BLK G'!C155 -> 122 | F69: ='BLK G'!D155 -> 0 | G69: ='BLK G'!E155 -> 0 | H69: ='BLK G'!H155 -> 332 | I69: ='BLK G'!F155 -> 23 | J69: ='BLK G'!G155 -> 57 | K69: =H69/30 -> 11.066667 | L69: =H69/(E69+F69) -> 2.7213115 | M69: =((C69*30)-H69)/(E69+F69) -> 0.72131148 | N69: =(E69+F69)/C69 -> 8.7142857 | O69: =H69*100/(C69*30) -> 79.047619 | P69: =F69*100/(E69+F69) -> 0
A70: Block H | B70: ='BLK H'!H122 -> 8 | C70: 22 | D70: ='BLK H'!B155 -> 65 | E70: ='BLK H'!C155 -> 93 | F70: ='BLK H'!D155 -> 0 | G70: ='BLK H'!E155 -> 0 | H70: ='BLK H'!H155 -> 403 | I70: ='BLK H'!F155 -> 58 | J70: ='BLK H'!G155 -> 22 | K70: =H70/30 -> 13.433333 | L70: =H70/(E70+F70) -> 4.3333333 | M70: =((C70*30)-H70)/(E70+F70) -> 2.7634409 | N70: =(E70+F70)/C70 -> 4.2272727 | O70: =H70*100/(C70*30) -> 61.060606 | P70: =F70*100/(E70+F70) -> 0
A71: Female Emergency | B71: ='Female Emergency'!H122 -> 2 | C71: 10 | D71: ='Female Emergency'!B155 -> 75 | E71: ='Female Emergency'!C155 -> 26 | F71: ='Female Emergency'!D155 -> 2 | G71: ='Female Emergency'!E155 -> 2 | H71: ='Female Emergency'!H155 -> 97 | I71: ='Female Emergency'!F155 -> 0 | J71: ='Female Emergency'!G155 -> 46 | K71: =H71/30 -> 3.2333333 | L71: =H71/(E71+F71) -> 3.4642857 | M71: =((C71*30)-H71)/(E71+F71) -> 7.25 | N71: =(E71+F71)/C71 -> 2.8 | O71: =H71*100/(C71*30) -> 32.333333 | P71: =F71*100/(E71+F71) -> 7.1428571
A72: Neonatal Ward | B72: =Neonatal!H122 -> 15 | C72: 15 | D72: =Neonatal!B155 -> 59 | E72: =Neonatal!C155 -> 54 | F72: =Neonatal!D155 -> 2 | G72: =Neonatal!E155 -> 0 | H72: =Neonatal!H155 -> 428 | I72: =Neonatal!F155 -> 0 | J72: =Neonatal!G155 -> 0 | K72: =H72/30 -> 14.266667 | L72: =H72/(E72+F72) -> 7.6428571 | M72: =((C72*30)-H72)/(E72+F72) -> 0.39285714 | N72: =(E72+F72)/C72 -> 3.7333333 | O72: =H72*100/(C72*30) -> 95.111111 | P72: =F72*100/(E72+F72) -> 3.5714286
A73: TOTAL | B73: =SUM(B64:B72) -> 92 | C73: =SUM(C64:C72) -> 178 | D73: =SUM(D64:D72) -> 504 | E73: =SUM(E64:E72) -> 397 | F73: =SUM(F64:F72) -> 6 | G73: =SUM(G64:G72) -> 9 | H73: =SUM(H64:H72) -> 2808 | I73: =SUM(I64:I72) -> 84 | J73: =SUM(J64:J72) -> 173 | K73: =H73/30 -> 93.6 | L73: =H73/(E73+F73) -> 6.9677419 | M73: =((C73*30)-H73)/(E73+F73) -> 6.2828784 | N73: =(E73+F73)/C73 -> 2.2640449 | O73: =H73*100/(C73*30) -> 52.58427 | P73: =F73*100/(E73+F73) -> 1.4888337
A74: Emergency | B74: =B68+B71 -> 5 | C74: =C68+C71 -> 20 | D74: =D68+D71 -> 144 | E74: =E68+E71 -> 48 | F74: =F68+F71 -> 4 | G74: =G68+G71 -> 9 | H74: =H68+H71 -> 182 | I74: =I68+I71 -> 0 | J74: =J68+J71 -> 91 | K74: =H74/31 -> 5.8709677 | L74: =H74/(E74+F74) -> 3.5 | M74: =((C74*31)-H74)/(E74+F74) -> 8.4230769 | N74: =(E74+F74)/C74 -> 2.6 | O74: =H74*100/(C74*31) -> 29.354839 | P74: =F74*100/(E74+F74) -> 7.6923077 | Q74: =G74/(F74+G74)*100 -> 69.230769
A76: GHANA HEALTH SERVICE
A77: MONTHLY BED UTILIZATION FORM - MAY, 2025
A78: WARD | B78: Patients on bed at the beginning of the month | C78: Bed Compliment | D78: Admissions | E78: Discharges | F78: Deaths | G78: Deaths <24Hrs | H78: Patient Days | I78: Transfer In | J78: Transfer Out | K78: Average Daily Bed Occupancy | L78: Average Length of Stay | M78: Bed Turnover Interval | N78: Bed Turnover Rate | O78: Percentage of Occupancy | P78: Death Rate
A79: Male Medical | B79: =Male!H161 -> 18 | C79: 32 | D79: =Male!B195 -> 0 | E79: =Male!C195 -> 0 | F79: =Male!D195 -> 0 | G79: =Male!E195 -> 0 | H79: =Male!H195 -> 558 | I79: =Male!F195 -> 0 | J79: =Male!G195 -> 0 | K79: =H79/31 -> 18 | L79: =H79/(E79+F79) -> #DIV/0! | M79: =((C79*31)-H79)/(E79+F79) -> #DIV/0! | N79: =(E79+F79)/C79 -> 0 | O79: =H79*100/(C79*31) -> 56.25 | P79: =F79*100/(E79+F79) -> #DIV/0!
A80: Paediatry | B80: =Paediatric!H161 -> 6 | C80: 27 | D80: =Paediatric!B195 -> 0 | E80: =Paediatric!C195 -> 0 | F80: =Paediatric!D195 -> 0 | G80: =Paediatric!E195 -> 0 | H80: =Paediatric!H195 -> 186 | I80: =Paediatric!F195 -> 0 | J80: =Paediatric!G195 -> 0 | K80: =H80/31 -> 6 | L80: =H80/(E80+F80) -> #DIV/0! | M80: =((C80*31)-H80)/(E80+F80) -> #DIV/0! | N80: =(E80+F80)/C80 -> 0 | O80: =H80*100/(C80*31) -> 22.222222 | P80: =F80*100/(E80+F80) -> #DIV/0!
A81: Female Medical | B81: =Female!H161 -> 15 | C81: 28 | D81: =Female!B195 -> 0 | E81: =Female!C195 -> 0 | F81: =Female!D195 -> 0 | G81: =Female!E195 -> 0 | H81: =Female!H195 -> 465 | I81: =Female!F195 -> 0 | J81: =Female!G195 -> 0 | K81: =H81/31 -> 15 | L81: =H81/(E81+F81) -> #DIV/0! | M81: =((C81*31)-H81)/(E81+F81) -> #DIV/0! | N81: =(E81+F81)/C81 -> 0 | O81: =H81*100/(C81*31) -> 53.571429 | P81: =F81*100/(E81+F81) -> #DIV/0!
A82: Block F | B82: ='BLK F'!H161 -> 14 | C82: 20 | D82: ='BLK F'!B195 -> 106 | E82: ='BLK F'!C195 -> 110 | F82: ='BLK F'!D195 -> 0 | G82: ='BLK F'!E195 -> 0 | H82: ='BLK F'!H195 -> 396 | I82: ='BLK F'!F195 -> 2 | J82: ='BLK F'!G195 -> 2 | K82: =H82/31 -> 12.774194 | L82: =H82/(E82+F82) -> 3.6 | M82: =((C82*31)-H82)/(E82+F82) -> 2.0363636 | N82: =(E82+F82)/C82 -> 5.5 | O82: =H82*100/(C82*31) -> 63.870968 | P82: =F82*100/(E82+F82) -> 0
A83: Male Emergency | B83: ='Male Emergency'!H161 -> 3 | C83: 10 | D83: ='Male Emergency'!B195 -> 62 | E83: ='Male Emergency'!C195 -> 16 | F83: ='Male Emergency'!D195 -> 3 | G83: ='Male Emergency'!E195 -> 5 | H83: ='Male Emergency'!H195 -> 95 | I83: ='Male Emergency'!F195 -> 0 | J83: ='Male Emergency'!G195 -> 44 | K83: =H83/31 -> 3.0645161 | L83: =H83/(E83+F83) -> 5 | M83: =((C83*31)-H83)/(E83+F83) -> 11.315789 | N83: =(E83+F83)/C83 -> 1.9 | O83: =H83*100/(C83*31) -> 30.645161 | P83: =F83*100/(E83+F83) -> 15.789474
A84: Block G | B84: ='BLK G'!H161 -> 11 | C84: 14 | D84: ='BLK G'!B195 -> 150 | E84: ='BLK G'!C195 -> 131 | F84: ='BLK G'!D195 -> 0 | G84: ='BLK G'!E195 -> 0 | H84: ='BLK G'!H195 -> 361 | I84: ='BLK G'!F195 -> 23 | J84: ='BLK G'!G195 -> 52 | K84: =H84/31 -> 11.645161 | L84: =H84/(E84+F84) -> 2.7557252 | M84: =((C84*31)-H84)/(E84+F84) -> 0.55725191 | N84: =(E84+F84)/C84 -> 9.3571429 | O84: =H84*100/(C84*31) -> 83.179724 | P84: =F84*100/(E84+F84) -> 0
A85: Block H | B85: ='BLK H'!H161 -> 16 | C85: 22 | D85: ='BLK H'!B195 -> 63 | E85: ='BLK H'!C195 -> 101 | F85: ='BLK H'!D195 -> 0 | G85: ='BLK H'!E195 -> 0 | H85: ='BLK H'!H195 -> 404 | I85: ='BLK H'!F195 -> 53 | J85: ='BLK H'!G195 -> 21 | K85: =H85/31 -> 13.032258 | L85: =H85/(E85+F85) -> 4 | M85: =((C85*31)-H85)/(E85+F85) -> 2.7524752 | N85: =(E85+F85)/C85 -> 4.5909091 | O85: =H85*100/(C85*31) -> 59.237537 | P85: =F85*100/(E85+F85) -> 0
A86: Female Emergency | B86: ='Female Emergency'!H161 -> 3 | C86: 10 | D86: ='Female Emergency'!B195 -> 71 | E86: ='Female Emergency'!C195 -> 28 | F86: ='Female Emergency'!D195 -> 6 | G86: ='Female Emergency'!E195 -> 4 | H86: ='Female Emergency'!H195 -> 94 | I86: ='Female Emergency'!F195 -> 0 | J86: ='Female Emergency'!G195 -> 36 | K86: =H86/31 -> 3.0322581 | L86: =H86/(E86+F86) -> 2.7647059 | M86: =((C86*31)-H86)/(E86+F86) -> 6.3529412 | N86: =(E86+F86)/C86 -> 3.4 | O86: =H86*100/(C86*31) -> 30.322581 | P86: =F86*100/(E86+F86) -> 17.647059
A87: Neonatal Ward | B87: =Neonatal!H161 -> 18 | C87: 15 | D87: =Neonatal!B195 -> 76 | E87: =Neonatal!C195 -> 78 | F87: =Neonatal!D195 -> 1 | G87: =Neonatal!E195 -> 0 | H87: =Neonatal!H195 -> 489 | I87: =Neonatal!F195 -> 0 | J87: =Neonatal!G195 -> 0 | K87: =H87/31 -> 15.774194 | L87: =H87/(E87+F87) -> 6.1898734 | M87: =((C87*31)-H87)/(E87+F87) -> -0.30379747 | N87: =(E87+F87)/C87 -> 5.2666667 | O87: =H87*100/(C87*31) -> 105.16129 | P87: =F87*100/(E87+F87) -> 1.2658228
A88: TOTAL | B88: =SUM(B79:B87) -> 104 | C88: =SUM(C79:C87) -> 178 | D88: =SUM(D79:D87) -> 528 | E88: =SUM(E79:E87) -> 464 | F88: =SUM(F79:F87) -> 10 | G88: =SUM(G79:G87) -> 9 | H88: =SUM(H79:H87) -> 3048 | I88: =SUM(I79:I87) -> 78 | J88: =SUM(J79:J87) -> 155 | K88: =H88/31 -> 98.322581 | L88: =H88/(E88+F88) -> 6.4303797 | M88: =((C88*31)-H88)/(E88+F88) -> 5.2109705 | N88: =(E88+F88)/C88 -> 2.6629213 | O88: =H88*100/(C88*31) -> 55.237405 | P88: =F88*100/(E88+F88) -> 2.1097046
A89: Emergency | B89: =B83+B86 -> 6 | C89: =C83+C86 -> 20 | D89: =D83+D86 -> 133 | E89: =E83+E86 -> 44 | F89: =F83+F86 -> 9 | G89: =G83+G86 -> 9 | H89: =H83+H86 -> 189 | I89: =I83+I86 -> 0 | J89: =J83+J86 -> 80 | K89: =H89/31 -> 6.0967742 | L89: =H89/(E89+F89) -> 3.5660377 | M89: =((C89*31)-H89)/(E89+F89) -> 8.1320755 | N89: =(E89+F89)/C89 -> 2.65 | O89: =H89*100/(C89*31) -> 30.483871 | P89: =F89*100/(E89+F89) -> 16.981132 | Q89: =G89/(F89+G89)*100 -> 50
A91: GHANA HEALTH SERVICE
A92: MONTHLY BED UTILIZATION FORM - JUNE, 2025
A93: WARD | B93: Patients on bed at the beginning of the month | C93: Bed Compliment | D93: Admissions | E93: Discharges | F93: Deaths | G93: Deaths <24Hrs | H93: Patient Days | I93: Transfer In | J93: Transfer Out | K93: Average Daily Bed Occupancy | L93: Average Length of Stay | M93: Bed Turnover Interval | N93: Bed Turnover Rate | O93: Percentage of Occupancy | P93: Death Rate
A94: Male Medical | B94: =Male!H201 -> 18 | C94: 32 | D94: =Male!B234 -> 0 | E94: =Male!C234 -> 0 | F94: =Male!D234 -> 0 | G94: =Male!E234 -> 0 | H94: =Male!H234 -> 540 | I94: =Male!F234 -> 0 | J94: =Male!G234 -> 0 | K94: =H94/30 -> 18 | L94: =H94/(E94+F94) -> #DIV/0! | M94: =((C94*30)-H94)/(E94+F94) -> #DIV/0! | N94: =(E94+F94)/C94 -> 0 | O94: =H94*100/(C94*30) -> 56.25 | P94: =F94*100/(D94) -> #DIV/0!
A95: Paediatry | B95: =Paediatric!H201 -> 6 | C95: 27 | D95: =Paediatric!B234 -> 0 | E95: =Paediatric!C234 -> 0 | F95: =Paediatric!D234 -> 0 | G95: =Paediatric!E234 -> 0 | H95: =Paediatric!H234 -> 180 | I95: =Paediatric!F234 -> 0 | J95: =Paediatric!G234 -> 0 | K95: =H95/30 -> 6 | L95: =H95/(E95+F95) -> #DIV/0! | M95: =((C95*30)-H95)/(E95+F95) -> #DIV/0! | N95: =(E95+F95)/C95 -> 0 | O95: =H95*100/(C95*30) -> 22.222222 | P95: =F95*100/(D95) -> #DIV/0!
A96: Female Medical | B96: =Female!H201 -> 15 | C96: 28 | D96: =Female!B234 -> 0 | E96: =Female!C234 -> 0 | F96: =Female!D234 -> 0 | G96: =Female!E234 -> 0 | H96: =Female!H234 -> 450 | I96: =Female!F234 -> 0 | J96: =Female!G234 -> 0 | K96: =H96/30 -> 15 | L96: =H96/(E96+F96) -> #DIV/0! | M96: =((C96*30)-H96)/(E96+F96) -> #DIV/0! | N96: =(E96+F96)/C96 -> 0 | O96: =H96*100/(C96*30) -> 53.571429 | P96: =F96*100/(D96) -> #DIV/0!
A97: Block F | B97: ='BLK F'!H201 -> 10 | C97: 20 | D97: ='BLK F'!B234 -> 67 | E97: ='BLK F'!C234 -> 64 | F97: ='BLK F'!D234 -> 1 | G97: ='BLK F'!E234 -> 0 | H97: ='BLK F'!H234 -> 191 | I97: ='BLK F'!F234 -> 1 | J97: ='BLK F'!G234 -> 3 | K97: =H97/30 -> 6.3666667 | L97: =H97/(E97+F97) -> 2.9384615 | M97: =((C97*30)-H97)/(E97+F97) -> 6.2923077 | N97: =(E97+F97)/C97 -> 3.25 | O97: =H97*100/(C97*30) -> 31.833333 | P97: =F97*100/(D97) -> 1.4925373
A98: Male Emergency | B98: ='Male Emergency'!H201 -> 2 | C98: 10 | D98: ='Male Emergency'!B234 -> 40 | E98: ='Male Emergency'!C234 -> 19 | F98: ='Male Emergency'!D234 -> 3 | G98: ='Male Emergency'!E234 -> 5 | H98: ='Male Emergency'!H234 -> 50 | I98: ='Male Emergency'!F234 -> 0 | J98: ='Male Emergency'!G234 -> 18 | K98: =H98/30 -> 1.6666667 | L98: =H98/(E98+F98) -> 2.2727273 | M98: =((C98*30)-H98)/(E98+F98) -> 11.363636 | N98: =(E98+F98)/C98 -> 2.2 | O98: =H98*100/(C98*30) -> 16.666667 | P98: =F98*100/(D98) -> 7.5
A99: Block G | B99: ='BLK G'!H201 -> 1 | C99: 14 | D99: ='BLK G'!B234 -> 82 | E99: ='BLK G'!C234 -> 69 | F99: ='BLK G'!D234 -> 0 | G99: ='BLK G'!E234 -> 0 | H99: ='BLK G'!H234 -> 196 | I99: ='BLK G'!F234 -> 19 | J99: ='BLK G'!G234 -> 30 | K99: =H99/30 -> 6.5333333 | L99: =H99/(E99+F99) -> 2.8405797 | M99: =((C99*30)-H99)/(E99+F99) -> 3.2463768 | N99: =(E99+F99)/C99 -> 4.9285714 | O99: =H99*100/(C99*30) -> 46.666667 | P99: =F99*100/(D99) -> 0
A100: Block H | B100: ='BLK H'!H201 -> 10 | C100: 22 | D100: ='BLK H'!B234 -> 54 | E100: ='BLK H'!C234 -> 66 | F100: ='BLK H'!D234 -> 0 | G100: ='BLK H'!E234 -> 0 | H100: ='BLK H'!H234 -> 267 | I100: ='BLK H'!F234 -> 32 | J100: ='BLK H'!G234 -> 20 | K100: =H100/30 -> 8.9 | L100: =H100/(E100+F100) -> 4.0454545 | M100: =((C100*30)-H100)/(E100+F100) -> 5.9545455 | N100: =(E100+F100)/C100 -> 3 | O100: =H100*100/(C100*30) -> 40.454545 | P100: =F100*100/(D100) -> 0
A101: Female Emergency | B101: ='Female Emergency'!H201 -> 4 | C101: 10 | D101: ='Female Emergency'!B234 -> 35 | E101: ='Female Emergency'!C234 -> 13 | F101: ='Female Emergency'!D234 -> 3 | G101: ='Female Emergency'!E234 -> 1 | H101: ='Female Emergency'!H234 -> 52 | I101: ='Female Emergency'!F234 -> 0 | J101: ='Female Emergency'!G234 -> 22 | K101: =H101/30 -> 1.7333333 | L101: =H101/(E101+F101) -> 3.25 | M101: =((C101*30)-H101)/(E101+F101) -> 15.5 | N101: =(E101+F101)/C101 -> 1.6 | O101: =H101*100/(C101*30) -> 17.333333 | P101: =F101*100/(D101) -> 8.5714286
A102: Neonatal Ward | B102: =Neonatal!H201 -> 15 | C102: 15 | D102: =Neonatal!B234 -> 46 | E102: =Neonatal!C234 -> 52 | F102: =Neonatal!D234 -> 1 | G102: =Neonatal!E234 -> 0 | H102: =Neonatal!H234 -> 243 | I102: =Neonatal!F234 -> 0 | J102: =Neonatal!G234 -> 0 | K102: =H102/30 -> 8.1 | L102: =H102/(E102+F102) -> 4.5849057 | M102: =((C102*30)-H102)/(E102+F102) -> 3.9056604 | N102: =(E102+F102)/C102 -> 3.5333333 | O102: =H102*100/(C102*30) -> 54 | P102: =F102*100/(D102) -> 2.173913
A103: TOTAL | B103: =SUM(B94:B102) -> 81 | C103: =SUM(C94:C102) -> 178 | D103: =SUM(D94:D102) -> 324 | E103: =SUM(E94:E102) -> 283 | F103: =SUM(F94:F102) -> 8 | G103: =SUM(G94:G102) -> 6 | H103: =SUM(H94:H102) -> 2169 | I103: =SUM(I94:I102) -> 52 | J103: =SUM(J94:J102) -> 93 | K103: =H103/30 -> 72.3 | L103: =H103/(E103+F103) -> 7.4536082 | M103: =((C103*30)-H103)/(E103+F103) -> 10.896907 | N103: =(E103+F103)/C103 -> 1.6348315 | O103: =H103*100/(C103*30) -> 40.617978 | P103: =F103*100/(D103) -> 2.4691358
A104: Emergency | B104: =B98+B101 -> 6 | C104: =C98+C101 -> 20 | D104: =D98+D101 -> 75 | E104: =E98+E101 -> 32 | F104: =F98+F101 -> 6 | G104: =G98+G101 -> 6 | H104: =H98+H101 -> 102 | I104: =I98+I101 -> 0 | J104: =J98+J101 -> 40 | K104: =H104/30 -> 3.4 | L104: =H104/(E104+F104) -> 2.6842105 | M104: =((C104*30)-H104)/(E104+F104) -> 13.105263 | N104: =(E104+F104)/C104 -> 1.9 | O104: =H104*100/(C104*30) -> 17 | P104: =F104*100/(D104) -> 8 | Q104: =G104/(F104+G104)*100 -> 50
A106: GHANA HEALTH SERVICE
A107: MONTHLY BED UTILIZATION FORM - 2ND QUARTER, 2025
...

Sheet Sheet1
A3: WARD | B3: Patients on bed at the beginning of the month | C3: Bed Compliment | D3: Admissions | E3: Discharges | F3: Deaths | G3: Deaths <24Hrs | H3: Patient Days | I3: Transfer In | J3: Transfer Out | K3: Average Daily Bed Occupancy | L3: Average Length of Stay | M3: Bed Turnover Interval | N3: Bed Turnover Rate | O3: Percentage of Occupancy | P3: Death Rate
A4: Block G | B4: 3 | C4: 14 | D4: 964 | E4: 237 | F4: 1 | G4: 0 | H4: 2140 | I4: 0 | J4: 721 | K4: =H4/181 -> 11.823204 | L4: =H4/(E4+F4) -> 8.9915966 | M4: =((C4*181)-H4)/(E4+F4) -> 1.6554622 | N4: =(E4+F4)/C4 -> 17 | O4: =H4*100/(C4*181) -> 84.45146 | P4: =F4*100/(E4+F4) -> 0.42016807
A5: Block H | B5: 7 | C5: 22 | D5: 446 | E5: 1168 | F5: 1 | G5: 0 | H5: 2044 | I5: 722 | J5: 1 | K5: =H5/181 -> 11.292818 | L5: =H5/(E5+F5) -> 1.748503 | M5: =((C5*181)-H5)/(E5+F5) -> 1.6578272 | N5: =(E5+F5)/C5 -> 53.136364 | O5: =H5*100/(C5*181) -> 51.330989 | P5: =F5*100/(E5+F5) -> 0.085543199
B6: =SUM(B4:B5) -> 10 | C6: =SUM(C4:C5) -> 36 | D6: =SUM(D4:D5) -> 1410 | E6: =SUM(E4:E5) -> 1405 | F6: =SUM(F4:F5) -> 2 | G6: =SUM(G4:G5) -> 0 | H6: =SUM(H4:H5) -> 4184 | I6: =SUM(I4:I5) -> 722 | J6: =SUM(J4:J5) -> 722 | K6: =H6/181 -> 23.116022 | L6: =H6/(E6+F6) -> 2.9737029 | M6: =((C6*181)-H6)/(E6+F6) -> 1.6574271 | N6: =(E6+F6)/C6 -> 39.083333 | O6: =H6*100/(C6*181) -> 64.211172 | P6: =F6*100/(E6+F6) -> 0.14214641
A9: WARD | B9: Patients on bed at the beginning of the month | C9: Bed Compliment | D9: Admissions | E9: Discharges | F9: Deaths | G9: Deaths <24Hrs | H9: Patient Days | I9: Transfer In | J9: Transfer Out | K9: Average Daily Bed Occupancy | L9: Average Length of Stay | M9: Bed Turnover Interval | N9: Bed Turnover Rate | O9: Percentage of Occupancy | P9: Death Rate
A10: Male Emergency | B10: 7 | C10: 10 | D10: 35 | E10: 16 | F10: 1 | G10: 3 | H10: 30 | I10: 0 | J10: 25 | K10: =H10/181 -> 0.16574586 | L10: =H10/(E10+F10) -> 1.7647059 | M10: =((C10*181)-H10)/(E10+F10) -> 104.70588 | N10: =(E10+F10)/C10 -> 1.7 | O10: =H10*100/(C10*181) -> 1.6574586 | P10: =F10*100/(E10+F10) -> 5.8823529
A11: Female Emergency | B11: 11 | C11: 10 | D11: 44 | E11: 15 | F11: 3 | G11: 2 | H11: 419 | I11: 0 | J11: 20 | K11: =H11/181 -> 2.3149171 | L11: =H11/(E11+F11) -> 23.277778 | M11: =((C11*181)-H11)/(E11+F11) -> 77.277778 | N11: =(E11+F11)/C11 -> 1.8 | O11: =H11*100/(C11*181) -> 23.149171 | P11: =F11*100/(E11+F11) -> 16.666667
B12: =SUM(B10:B11) -> 18 | C12: =SUM(C10:C11) -> 20 | D12: =SUM(D10:D11) -> 79 | E12: =SUM(E10:E11) -> 31 | F12: =SUM(F10:F11) -> 4 | G12: =SUM(G10:G11) -> 5 | H12: =SUM(H10:H11) -> 449 | I12: =SUM(I10:I11) -> 0 | J12: =SUM(J10:J11) -> 45 | K12: =H12/181 -> 2.480663 | L12: =H12/(E12+F12) -> 12.828571 | M12: =((C12*181)-H12)/(E12+F12) -> 90.6 | N12: =(E12+F12)/C12 -> 1.75 | O12: =H12*100/(C12*181) -> 12.403315 | P12: =F12*100/(E12+F12) -> 11.428571

Sheet Male
A1: GHANA HEALTH SERVICE
A2: DAILY BED UTILIZATION FORM
A3: Hospital:……………………………. | B3: VOLTA REG. HOSP | D3: Ward:………………….. | F3: MALE WARD | G3: MONTH | H3: JANUARY
A4: Number of patients remaining as at last day of previous month | H4: 18
A5: Bed complement | H5: 32
A6: Day of the Month | B6: Admissions | C6: Discharges | D6: Deaths | E6: Deaths <24Hrs | F6: Transfers-In | G6: Transfers-Out | H6: No. of Patients Remaning In Ward
A7: 1 | H7: =H4+B7+F7-(C7+D7+G7)-E7 -> 18
A8: 2 | H8: =H7+B8+F8-(C8+D8+G8)-E8 -> 18
A9: 3 | H9: =H8+B9+F9-(C9+D9+G9)-E9 -> 18
A10: 4 | H10: =H9+B10+F10-(C10+D10+G10)-E10 -> 18
A11: 5 | H11: =H10+B11+F11-(C11+D11+G11)-E11 -> 18
A12: 6 | H12: =H11+B12+F12-(C12+D12+G12)-E12 -> 18
A13: 7 | H13: =H12+B13+F13-(C13+D13+G13)-E13 -> 18
A14: 8 | H14: =H13+B14+F14-(C14+D14+G14)-E14 -> 18
A15: 9 | H15: =H14+B15+F15-(C15+D15+G15)-E15 -> 18
A16: 10 | H16: =H15+B16+F16-(C16+D16+G16)-E16 -> 18
A17: 11 | H17: =H16+B17+F17-(C17+D17+G17)-E17 -> 18
A18: 12 | H18: =H17+B18+F18-(C18+D18+G18)-E18 -> 18
A19: 13 | H19: =H18+B19+F19-(C19+D19+G19)-E19 -> 18
... A37: 31 | H37: =H36+B37+F37-(C37+D37+G37)-E37 -> 18
A38: TOTAL | B38: =SUM(B7:B37)-E38 -> 0 | C38: =SUM(C7:C37) -> 0 | D38: =SUM(D7:D37) -> 0 | E38: =SUM(E7:E37) -> 0 | F38: =SUM(F7:F37) -> 0 | G38: =SUM(G7:G37) -> 0 | H38: =SUM(H7:H37) -> 558
A41: GHANA HEALTH SERVICE
A42: DAILY BED UTILIZATION FORM
A43: Hospital:……………………………. | B43: VOLTA REG. HOSP | D43: Ward:………………….. | F43: MALE WARD | G43: MONTH | H43: FEBRUARY
A44: Number of patients remaining as at last day of previous month | H44: =H37 -> 18
A45: Bed complement | H45: 32
A46: Day of the Month | B46: Admissions | C46: Discharges | D46: Deaths | E46: Deaths <24Hrs | F46: Transfers-In | G46: Transfers-Out | H46: No. of Patients Remaning In Ward
A47: 1 | H47: =H44+B47+F47-(C47+D47+G47)-E47 -> 18
A48: 2 | H48: =H47+B48+F48-(C48+D48+G48)-E48 -> 18
A49: 3 | H49: =H48+B49+F49-(C49+D49+G49)-E49 -> 18
A50: 4 | H50: =H49+B50+F50-(C50+D50+G50)-E50 -> 18
A51: 5 | H51: =H50+B51+F51-(C51+D51+G51)-E51 -> 18
A52: 6 | H52: =H51+B52+F52-(C52+D52+G52)-E52 -> 18
A53: 7 | H53: =H52+B53+F53-(C53+D53+G53)-E53 -> 18
A54: 8 | H54: =H53+B54+F54-(C54+D54+G54)-E54 -> 18
A55: 9 | H55: =H54+B55+F55-(C55+D55+G55)-E55 -> 18
A56: 10 | H56: =H55+B56+F56-(C56+D56+G56)-E56 -> 18
A57: 11 | H57: =H56+B57+F57-(C57+D57+G57)-E57 -> 18
A58: 12 | H58: =H57+B58+F58-(C58+D58+G58)-E58 -> 18
A59: 13 | H59: =H58+B59+F59-(C59+D59+G59)-E59 -> 18
... A75: 29 | H75: =H74+B75+F75-(C75+D75+G75)-E75 -> 18
A76: TOTAL | B76: =SUM(B47:B75)-E76 -> 0 | C76: =SUM(C47:C75) -> 0 | D76: =SUM(D47:D75) -> 0 | E76: =SUM(E47:E75) -> 0 | F76: =SUM(F47:F75) -> 0 | G76: =SUM(G47:G75) -> 0 | H76: =SUM(H47:H75) -> 522
A79: GHANA HEALTH SERVICE
A80: DAILY BED UTILIZATION FORM
A81: Hospital:……………………………. | B81: HOHOE MUNI HOSP | D81: Ward:………………….. | F81: MALE WARD | G81: MONTH | H81: MARCH
A82: Number of patients remaining as at last day of previous month | H82: =H75 -> 18
A83: Bed complement | H83: 32
A84: Day of the Month | B84: Admissions | C84: Discharges | D84: Deaths | E84: Deaths <24Hrs | F84: Transfers-In | G84: Transfers-Out | H84: No. of Patients Remaning In Ward
A85: 1 | H85: =H82+B85+F85-(C85+D85+G85)-E85 -> 18
A86: 2 | H86: =H85+B86+F86-(C86+D86+G86)-E86 -> 18
A87: 3 | H87: =H86+B87+F87-(C87+D87+G87)-E87 -> 18
A88: 4 | H88: =H87+B88+F88-(C88+D88+G88)-E88 -> 18
A89: 5 | H89: =H88+B89+F89-(C89+D89+G89)-E89 -> 18
A90: 6 | H90: =H89+B90+F90-(C90+D90+G90)-E90 -> 18
A91: 7 | H91: =H90+B91+F91-(C91+D91+G91)-E91 -> 18
A92: 8 | H92: =H91+B92+F92-(C92+D92+G92)-E92 -> 18
A93: 9 | H93: =H92+B93+F93-(C93+D93+G93)-E93 -> 18
A94: 10 | H94: =H93+B94+F94-(C94+D94+G94)-E94 -> 18
A95: 11 | H95: =H94+B95+F95-(C95+D95+G95)-E95 -> 18
A96: 12 | H96: =H95+B96+F96-(C96+D96+G96)-E96 -> 18
A97: 13 | H97: =H96+B97+F97-(C97+D97+G97)-E97 -> 18
... A115: 31 | H115: =H114+B115+F115-(C115+D115+G115)-E115 -> 18
A116: TOTAL | B116: =SUM(B85:B115)-E116 -> 0 | C116: =SUM(C85:C115) -> 0 | D116: =SUM(D85:D115) -> 0 | E116: =SUM(E85:E115) -> 0 | F116: =SUM(F85:F115) -> 0 | G116: =SUM(G85:G115) -> 0 | H116: =SUM(H85:H115) -> 558
A119: GHANA HEALTH SERVICE
A120: DAILY BED UTILIZATION FORM
A121: Hospital:……………………………. | B121: HOHOE MUNI HOSP | D121: Ward: | E121: MALE WARD | G121: MONTH | H121: APRIL
A122: Number of patients remaining as at last day of previous month | H122: =H115 -> 18
A123: Bed complement | H123: 32
A124: Day of the Month | B124: Admissions | C124: Discharges | D124: Deaths | E124: Deaths <24Hrs | F124: Transfers-In | G124: Transfers-Out | H124: No. of Patients Remaning In Ward
A125: 1 | H125: =H122+B125+F125-(C125+D125+G125)-E125 -> 18
A126: 2 | H126: =H125+B126+F126-(C126+D126+G126)-E126 -> 18
A127: 3 | H127: =H126+B127+F127-(C127+D127+G127)-E127 -> 18
A128: 4 | H128: =H127+B128+F128-(C128+D128+G128)-E128 -> 18
A129: 5 | H129: =H128+B129+F129-(C129+D129+G129)-E129 -> 18
A130: 6 | H130: =H129+B130+F130-(C130+D130+G130)-E130 -> 18
A131: 7 | H131: =H130+B131+F131-(C131+D131+G131)-E131 -> 18
A132: 8 | H132: =H131+B132+F132-(C132+D132+G132)-E132 -> 18
A133: 9 | H133: =H132+B133+F133-(C133+D133+G133)-E133 -> 18
A134: 10 | H134: =H133+B134+F134-(C134+D134+G134)-E134 -> 18
A135: 11 | H135: =H134+B135+F135-(C135+D135+G135)-E135 -> 18
A136: 12 | H136: =H135+B136+F136-(C136+D136+G136)-E136 -> 18
A137: 13 | H137: =H136+B137+F137-(C137+D137+G137)-E137 -> 18
... A154: 30 | H154: =H153+B154+F154-(C154+D154+G154)-E154 -> 18
A155: TOTAL | B155: =SUM(B125:B154)-E155 -> 0 | C155: =SUM(C125:C154) -> 0 | D155: =SUM(D125:D154) -> 0 | E155: =SUM(E125:E154) -> 0 | F155: =SUM(F125:F154) -> 0 | G155: =SUM(G125:G154) -> 0 | H155: =SUM(H125:H154) -> 540
A158: GHANA HEALTH SERVICE
A159: DAILY BED UTILIZATION FORM
A160: Hospital:……………………………. | B160: HOHOE MUNI HOSP | D160: Ward: | E160: MALE WARD | G160: MONTH | H160: MAY
A161: Number of patients remaining as at last day of previous month | H161: =H154 -> 18
A162: Bed complement | H162: 32
A163: Day of the Month | B163: Admissions | C163: Discharges | D163: Deaths | E163: Deaths <24Hrs | F163: Transfers-In | G163: Transfers-Out | H163: No. of Patients Remaning In Ward
A164: 1 | H164: =H161+B164+F164-(C164+D164+G164)-E164 -> 18
A165: 2 | H165: =H164+B165+F165-(C165+D165+G165)-E165 -> 18
A166: 3 | H166: =H165+B166+F166-(C166+D166+G166)-E166 -> 18
A167: 4 | H167: =H166+B167+F167-(C167+D167+G167)-E167 -> 18
A168: 5 | H168: =H167+B168+F168-(C168+D168+G168)-E168 -> 18
A169: 6 | H169: =H168+B169+F169-(C169+D169+G169)-E169 -> 18
A170: 7 | H170: =H169+B170+F170-(C170+D170+G170)-E170 -> 18
A171: 8 | H171: =H170+B171+F171-(C171+D171+G171)-E171 -> 18
A172: 9 | H172: =H171+B172+F172-(C172+D172+G172)-E172 -> 18
A173: 10 | H173: =H172+B173+F173-(C173+D173+G173)-E173 -> 18
...

Sheet Female
A1: GHANA HEALTH SERVICE
A2: DAILY BED UTILIZATION FORM
A3: Hospital | B3: HOHOE MUNI HOSP | D3: Ward | E3: FEMALE | G3: MONTH | H3: JANUARY
A4: Number of patients remaining as at last day of previous month | H4: 15
A5: Bed complement | H5: 28
A6: Day of the Month | B6: Admissions | C6: Discharges | D6: Deaths | E6: Deaths <24Hrs | F6: Transfers-In | G6: Transfers-Out | H6: No. of Patients Remaning In Ward
A7: 1 | H7: =H4+B7+F7-(C7+D7+G7)-E7 -> 15
A8: 2 | H8: =H7+B8+F8-(C8+D8+G8)-E8 -> 15
A9: 3 | H9: =H8+B9+F9-(C9+D9+G9)-E9 -> 15
A10: 4 | H10: =H9+B10+F10-(C10+D10+G10)-E10 -> 15
A11: 5 | H11: =H10+B11+F11-(C11+D11+G11)-E11 -> 15
A12: 6 | H12: =H11+B12+F12-(C12+D12+G12)-E12 -> 15
A13: 7 | H13: =H12+B13+F13-(C13+D13+G13)-E13 -> 15
A14: 8 | H14: =H13+B14+F14-(C14+D14+G14)-E14 -> 15
A15: 9 | H15: =H14+B15+F15-(C15+D15+G15)-E15 -> 15
A16: 10 | H16: =H15+B16+F16-(C16+D16+G16)-E16 -> 15
A17: 11 | H17: =H16+B17+F17-(C17+D17+G17)-E17 -> 15
A18: 12 | H18: =H17+B18+F18-(C18+D18+G18)-E18 -> 15
A19: 13 | H19: =H18+B19+F19-(C19+D19+G19)-E19 -> 15
... A37: 31 | H37: =H36+B37+F37-(C37+D37+G37)-E37 -> 15
A38: TOTAL | B38: =SUM(B7:B37)-E38 -> 0 | C38: =SUM(C7:C37) -> 0 | D38: =SUM(D7:D37) -> 0 | E38: =SUM(E7:E37) -> 0 | F38: =SUM(F7:F37) -> 0 | G38: =SUM(G7:G37) -> 0 | H38: =SUM(H7:H37) -> 465
A41: GHANA HEALTH SERVICE
A42: DAILY BED UTILIZATION FORM
A43: Hospital | B43: HOHOE MUNI HOSP | D43: Ward | E43: FEMALE | G43: MONTH | H43: FEBRUARY
A44: Number of patients remaining as at last day of previous month | H44: =H37 -> 15
A45: Bed complement | H45: 28
A46: Day of the Month | B46: Admissions | C46: Discharges | D46: Deaths | E46: Deaths <24Hrs | F46: Transfers-In | G46: Transfers-Out | H46: No. of Patients Remaning In Ward
A47: 1 | H47: =H44+B47+F47-(C47+D47+G47)-E47 -> 15
A48: 2 | H48: =H47+B48+F48-(C48+D48+G48)-E48 -> 15
A49: 3 | H49: =H48+B49+F49-(C49+D49+G49)-E49 -> 15
A50: 4 | H50: =H49+B50+F50-(C50+D50+G50)-E50 -> 15
A51: 5 | H51: =H50+B51+F51-(C51+D51+G51)-E51 -> 15
A52: 6 | H52: =H51+B52+F52-(C52+D52+G52)-E52 -> 15
A53: 7 | H53: =H52+B53+F53-(C53+D53+G53)-E53 -> 15
A54: 8 | H54: =H53+B54+F54-(C54+D54+G54)-E54 -> 15
A55: 9 | H55: =H54+B55+F55-(C55+D55+G55)-E55 -> 15
A56: 10 | H56: =H55+B56+F56-(C56+D56+G56)-E56 -> 15
A57: 11 | H57: =H56+B57+F57-(C57+D57+G57)-E57 -> 15
A58: 12 | H58: =H57+B58+F58-(C58+D58+G58)-E58 -> 15
A59: 13 | H59: =H58+B59+F59-(C59+D59+G59)-E59 -> 15
... A75: 29 | H75: =H74+B75+F75-(C75+D75+G75)-E75 -> 15
A76: TOTAL | B76: 67 | C76: =SUM(C47:C75) -> 0 | D76: =SUM(D47:D75) -> 0 | E76: =SUM(E47:E75) -> 0 | F76: =SUM(F47:F75) -> 0 | G76: =SUM(G47:G75) -> 0 | H76: =SUM(H47:H75) -> 435
A79: GHANA HEALTH SERVICE
A80: DAILY BED UTILIZATION FORM
A81: Hospital | B81: HOHOE MUNI HOSP | D81: Ward | E81: FEMALE | G81: MONTH | H81: MARCH
A82: Number of patients remaining as at last day of previous month | H82: =H75 -> 15
A83: Bed complement | H83: 28
A84: Day of the Month | B84: Admissions | C84: Discharges | D84: Deaths | E84: Deaths <24Hrs | F84: Transfers-In | G84: Transfers-Out | H84: No. of Patients Remaning In Ward
A85: 1 | H85: =H82+B85+F85-(C85+D85+G85)-E85 -> 15
A86: 2 | H86: =H85+B86+F86-(C86+D86+G86)-E86 -> 15
A87: 3 | H87: =H86+B87+F87-(C87+D87+G87)-E87 -> 15
A88: 4 | H88: =H87+B88+F88-(C88+D88+G88)-E88 -> 15
A89: 5 | H89: =H88+B89+F89-(C89+D89+G89)-E89 -> 15
A90: 6 | H90: =H89+B90+F90-(C90+D90+G90)-E90 -> 15
A91: 7 | H91: =H90+B91+F91-(C91+D91+G91)-E91 -> 15
A92: 8 | H92: =H91+B92+F92-(C92+D92+G92)-E92 -> 15
A93: 9 | H93: =H92+B93+F93-(C93+D93+G93)-E93 -> 15
A94: 10 | H94: =H93+B94+F94-(C94+D94+G94)-E94 -> 15
A95: 11 | H95: =H94+B95+F95-(C95+D95+G95)-E95 -> 15
A96: 12 | H96: =H95+B96+F96-(C96+D96+G96)-E96 -> 15
A97: 13 | H97: =H96+B97+F97-(C97+D97+G97)-E97 -> 15
... A115: 31 | H115: =H114+B115+F115-(C115+D115+G115)-E115 -> 15
A116: TOTAL | B116: =SUM(B85:B115)-E116 -> 0 | C116: =SUM(C85:C115) -> 0 | D116: =SUM(D85:D115) -> 0 | E116: =SUM(E85:E115) -> 0 | F116: =SUM(F85:F115) -> 0 | G116: =SUM(G85:G115) -> 0 | H116: =SUM(H85:H115) -> 465
A119: GHANA HEALTH SERVICE
A120: DAILY BED UTILIZATION FORM
A121: Hospital:……………………………. | B121: HOHOE MUNI HOSP | D121: Ward: | E121: FEMALE WARD | G121: MONTH | H121: APRIL
A122: Number of patients remaining as at last day of previous month | H122: =H115 -> 15
A123: Bed complement | H123: 28
A124: Day of the Month | B124: Admissions | C124: Discharges | D124: Deaths | E124: Deaths <24Hrs | F124: Transfers-In | G124: Transfers-Out | H124: No. of Patients Remaning In Ward
A125: 1 | H125: =H122+B125+F125-(C125+D125+G125)-E125 -> 15
A126: 2 | H126: =H125+B126+F126-(C126+D126+G126)-E126 -> 15
A127: 3 | H127: =H126+B127+F127-(C127+D127+G127)-E127 -> 15
A128: 4 | H128: =H127+B128+F128-(C128+D128+G128)-E128 -> 15
A129: 5 | H129: =H128+B129+F129-(C129+D129+G129)-E129 -> 15
A130: 6 | H130: =H129+B130+F130-(C130+D130+G130)-E130 -> 15
A131: 7 | H131: =H130+B131+F131-(C131+D131+G131)-E131 -> 15
A132: 8 | H132: =H131+B132+F132-(C132+D132+G132)-E132 -> 15
A133: 9 | H133: =H132+B133+F133-(C133+D133+G133)-E133 -> 15
A134: 10 | H134: =H133+B134+F134-(C134+D134+G134)-E134 -> 15
A135: 11 | H135: =H134+B135+F135-(C135+D135+G135)-E135 -> 15
A136: 12 | H136: =H135+B136+F136-(C136+D136+G136)-E136 -> 15
A137: 13 | H137: =H136+B137+F137-(C137+D137+G137)-E137 -> 15
... A154: 30 | H154: =H153+B154+F154-(C154+D154+G154)-E154 -> 15
A155: TOTAL | B155: =SUM(B125:B154)-E155 -> 0 | C155: =SUM(C125:C154) -> 0 | D155: =SUM(D125:D154) -> 0 | E155: =SUM(E125:E154) -> 0 | F155: =SUM(F125:F154) -> 0 | G155: =SUM(G125:G154) -> 0 | H155: =SUM(H125:H154) -> 450
A158: GHANA HEALTH SERVICE
A159: DAILY BED UTILIZATION FORM
A160: Hospital:……………………………. | B160: HOHOE MUNI HOSP | D160: Ward: | E160: FEMALE | G160: MONTH | H160: MAY
A161: Number of patients remaining as at last day of previous month | H161: =H154 -> 15
A162: Bed complement | H162: 28
A163: Day of the Month | B163: Admissions | C163: Discharges | D163: Deaths | E163: Deaths <24Hrs | F163: Transfers-In | G163: Transfers-Out | H163: No. of Patients Remaning In Ward
A164: 1 | H164: =H161+B164+F164-(C164+D164+G164)-E164 -> 15
A165: 2 | H165: =H164+B165+F165-(C165+D165+G165)-E165 -> 15
A166: 3 | H166: =H165+B166+F166-(C166+D166+G166)-E166 -> 15
A167: 4 | H167: =H166+B167+F167-(C167+D167+G167)-E167 -> 15
A168: 5 | H168: =H167+B168+F168-(C168+D168+G168)-E168 -> 15
A169: 6 | H169: =H168+B169+F169-(C169+D169+G169)-E169 -> 15
A170: 7 | H170: =H169+B170+F170-(C170+D170+G170)-E170 -> 15
A171: 8 | H171: =H170+B171+F171-(C171+D171+G171)-E171 -> 15
A172: 9 | H172: =H171+B172+F172-(C172+D172+G172)-E172 -> 15
A173: 10 | H173: =H172+B173+F173-(C173+D173+G173)-E173 -> 15
...

Sheet Paediatric
A1: GHANA HEALTH SERVICE
A2: DAILY BED UTILIZATION FORM
A3: Hospital:……………………………. | B3: HOHOE MUNI HOSP | D3: Ward | E3: CHILDREN | G3: MONTH | H3: JANUARY
A4: Number of patients remaining as at last day of previous month | H4: 6
A5: Bed complement | H5: 27
A6: Day of the Month | B6: Admissions | C6: Discharges | D6: Deaths | E6: Deaths <24Hrs | F6: Transfers-In | G6: Transfers-Out | H6: No. of Patients Remaning In Ward
A7: 1 | H7: =H4+B7+F7-(C7+D7+G7)-E7 -> 6
A8: 2 | H8: =H7+B8+F8-(C8+D8+G8)-E8 -> 6
A9: 3 | H9: =H8+B9+F9-(C9+D9+G9)-E9 -> 6
A10: 4 | H10: =H9+B10+F10-(C10+D10+G10)-E10 -> 6
A11: 5 | H11: =H10+B11+F11-(C11+D11+G11)-E11 -> 6
A12: 6 | H12: =H11+B12+F12-(C12+D12+G12)-E12 -> 6
A13: 7 | H13: =H12+B13+F13-(C13+D13+G13)-E13 -> 6
A14: 8 | H14: =H13+B14+F14-(C14+D14+G14)-E14 -> 6
A15: 9 | H15: =H14+B15+F15-(C15+D15+G15)-E15 -> 6
A16: 10 | H16: =H15+B16+F16-(C16+D16+G16)-E16 -> 6
A17: 11 | H17: =H16+B17+F17-(C17+D17+G17)-E17 -> 6
A18: 12 | H18: =H17+B18+F18-(C18+D18+G18)-E18 -> 6
A19: 13 | H19: =H18+B19+F19-(C19+D19+G19)-E19 -> 6
... A37: 31 | H37: =H36+B37+F37-(C37+D37+G37)-E37 -> 6
A38: TOTAL | B38: =SUM(B7:B37)-E38 -> 0 | C38: =SUM(C7:C37) -> 0 | D38: =SUM(D7:D37) -> 0 | E38: =SUM(E7:E37) -> 0 | F38: =SUM(F7:F37) -> 0 | G38: =SUM(G7:G37) -> 0 | H38: =SUM(H7:H37) -> 186
A41: GHANA HEALTH SERVICE
A42: DAILY BED UTILIZATION FORM
A43: Hospital:……………………………. | B43: HOHOE MUNI HOSP | D43: Ward | E43: CHILDREN | G43: MONTH | H43: FEBRUARY
A44: Number of patients remaining as at last day of previous month | H44: =H37 -> 6
A45: Bed complement | H45: 27
A46: Day of the Month | B46: Admissions | C46: Discharges | D46: Deaths | E46: Deaths <24Hrs | F46: Transfers-In | G46: Transfers-Out | H46: No. of Patients Remaning In Ward
A47: 1 | H47: =H44+B47+F47-(C47+D47+G47)-E47 -> 6
A48: 2 | H48: =H47+B48+F48-(C48+D48+G48)-E48 -> 6
A49: 3 | H49: =H48+B49+F49-(C49+D49+G49)-E49 -> 6
A50: 4 | H50: =H49+B50+F50-(C50+D50+G50)-E50 -> 6
A51: 5 | H51: =H50+B51+F51-(C51+D51+G51)-E51 -> 6
A52: 6 | H52: =H51+B52+F52-(C52+D52+G52)-E52 -> 6
A53: 7 | H53: =H52+B53+F53-(C53+D53+G53)-E53 -> 6
A54: 8 | H54: =H53+B54+F54-(C54+D54+G54)-E54 -> 6
A55: 9 | H55: =H54+B55+F55-(C55+D55+G55)-E55 -> 6
A56: 10 | H56: =H55+B56+F56-(C56+D56+G56)-E56 -> 6
A57: 11 | H57: =H56+B57+F57-(C57+D57+G57)-E57 -> 6
A58: 12 | H58: =H57+B58+F58-(C58+D58+G58)-E58 -> 6
A59: 13 | H59: =H58+B59+F59-(C59+D59+G59)-E59 -> 6
... A75: 29 | H75: =H74+B75+F75-(C75+D75+G75)-E75 -> 6
A76: TOTAL | B76: =SUM(B47:B75)-E76 -> 0 | C76: =SUM(C47:C75) -> 0 | D76: =SUM(D47:D75) -> 0 | E76: =SUM(E47:E75) -> 0 | F76: =SUM(F47:F75) -> 0 | G76: =SUM(G47:G75) -> 0 | H76: =SUM(H47:H75) -> 174
A79: GHANA HEALTH SERVICE
A80: DAILY BED UTILIZATION FORM
A81: Hospital:……………………………. | B81: HOHOE MUNI HOSP | D81: Ward | E81: CHILDREN | G81: MONTH | H81: MARCH
A82: Number of patients remaining as at last day of previous month | H82: =H75 -> 6
A83: Bed complement | H83: 27
A84: Day of the Month | B84: Admissions | C84: Discharges | D84: Deaths | E84: Deaths <24Hrs | F84: Transfers-In | G84: Transfers-Out | H84: No. of Patients Remaning In Ward
A85: 1 | H85: =H82+B85+F85-(C85+D85+G85)-E85 -> 6
A86: 2 | H86: =H85+B86+F86-(C86+D86+G86)-E86 -> 6
A87: 3 | H87: =H86+B87+F87-(C87+D87+G87)-E87 -> 6
A88: 4 | H88: =H87+B88+F88-(C88+D88+G88)-E88 -> 6
A89: 5 | H89: =H88+B89+F89-(C89+D89+G89)-E89 -> 6
A90: 6 | H90: =H89+B90+F90-(C90+D90+G90)-E90 -> 6
A91: 7 | H91: =H90+B91+F91-(C91+D91+G91)-E91 -> 6
A92: 8 | H92: =H91+B92+F92-(C92+D92+G92)-E92 -> 6
A93: 9 | H93: =H92+B93+F93-(C93+D93+G93)-E93 -> 6
A94: 10 | H94: =H93+B94+F94-(C94+D94+G94)-E94 -> 6
A95: 11 | H95: =H94+B95+F95-(C95+D95+G95)-E95 -> 6
A96: 12 | H96: =H95+B96+F96-(C96+D96+G96)-E96 -> 6
A97: 13 | H97: =H96+B97+F97-(C97+D97+G97)-E97 -> 6
... A115: 31 | H115: =H114+B115+F115-(C115+D115+G115)-E115 -> 6
A116: TOTAL | B116: =SUM(B85:B115)-E116 -> 0 | C116: =SUM(C85:C115) -> 0 | D116: =SUM(D85:D115) -> 0 | E116: =SUM(E85:E115) -> 0 | F116: =SUM(F85:F115) -> 0 | G116: =SUM(G85:G115) -> 0 | H116: =SUM(H85:H115) -> 186
A119: GHANA HEALTH SERVICE
A120: DAILY BED UTILIZATION FORM
A121: Hospital:……………………………. | B121: HOHOE MUNI HOSP | D121: Ward:………………….. | E121: CHILDREN | G121: MONTH | H121: APRIL
A122: Number of patients remaining as at last day of previous month | H122: =H115 -> 6
A123: Bed complement | H123: 27
A124: Day of the Month | B124: Admissions | C124: Discharges | D124: Deaths | E124: Deaths <24Hrs | F124: Transfers-In | G124: Transfers-Out | H124: No. of Patients Remaning In Ward
A125: 1 | H125: =H122+B125+F125-(C125+D125+G125)-E125 -> 6
A126: 2 | H126: =H125+B126+F126-(C126+D126+G126)-E126 -> 6
A127: 3 | H127: =H126+B127+F127-(C127+D127+G127)-E127 -> 6
A128: 4 | H128: =H127+B128+F128-(C128+D128+G128)-E128 -> 6
A129: 5 | H129: =H128+B129+F129-(C129+D129+G129)-E129 -> 6
A130: 6 | H130: =H129+B130+F130-(C130+D130+G130)-E130 -> 6
A131: 7 | H131: =H130+B131+F131-(C131+D131+G131)-E131 -> 6
A132: 8 | H132: =H131+B132+F132-(C132+D132+G132)-E132 -> 6
A133: 9 | H133: =H132+B133+F133-(C133+D133+G133)-E133 -> 6
A134: 10 | H134: =H133+B134+F134-(C134+D134+G134)-E134 -> 6
A135: 11 | H135: =H134+B135+F135-(C135+D135+G135)-E135 -> 6
A136: 12 | H136: =H135+B136+F136-(C136+D136+G136)-E136 -> 6
A137: 13 | H137: =H136+B137+F137-(C137+D137+G137)-E137 -> 6
... A154: 30 | H154: =H153+B154+F154-(C154+D154+G154)-E154 -> 6
A155: TOTAL | B155: =SUM(B125:B154)-E155 -> 0 | C155: =SUM(C125:C154) -> 0 | D155: =SUM(D125:D154) -> 0 | E155: =SUM(E125:E154) -> 0 | F155: =SUM(F125:F154) -> 0 | G155: =SUM(G125:G154) -> 0 | H155: =SUM(H125:H154) -> 180
A158: GHANA HEALTH SERVICE
A159: DAILY BED UTILIZATION FORM
A160: Hospital:……………………………. | B160: HOHOE MUNI HOSP | D160: Ward: | E160: CHILDREN | G160: MONTH | H160: MAY
A161: Number of patients remaining as at last day of previous month | H161: =H154 -> 6
A162: Bed complement | H162: 27
A163: Day of the Month | B163: Admissions | C163: Discharges | D163: Deaths | E163: Deaths <24Hrs | F163: Transfers-In | G163: Transfers-Out | H163: No. of Patients Remaning In Ward
A164: 1 | H164: =H161+B164+F164-(C164+D164+G164)-E164 -> 6
A165: 2 | H165: =H164+B165+F165-(C165+D165+G165)-E165 -> 6
A166: 3 | H166: =H165+B166+F166-(C166+D166+G166)-E166 -> 6
A167: 4 | H167: =H166+B167+F167-(C167+D167+G167)-E167 -> 6
A168: 5 | H168: =H167+B168+F168-(C168+D168+G168)-E168 -> 6
A169: 6 | H169: =H168+B169+F169-(C169+D169+G169)-E169 -> 6
A170: 7 | H170: =H169+B170+F170-(C170+D170+G170)-E170 -> 6
A171: 8 | H171: =H170+B171+F171-(C171+D171+G171)-E171 -> 6
A172: 9 | H172: =H171+B172+F172-(C172+D172+G172)-E172 -> 6
A173: 10 | H173: =H172+B173+F173-(C173+D173+G173)-E173 -> 6
...

Sheet BLK F
A1: GHANA HEALTH SERVICE
A2: DAILY BED UTILIZATION FORM
A3: Hospital | B3: HOHOE MUNI HOSP | D3: Ward | E3: BLK F | G3: MONTH | H3: JANUARY
A4: Number of patients remaining as at last day of previous month | H4: 12
A5: Bed complement | H5: 20
A6: Day of the Month | B6: Admissions | C6: Discharges | D6: Deaths | E6: Deaths <24Hrs | F6: Transfers-In | G6: Transfers-Out | H6: No. of Patients Remaning In Ward
A7: 1 | B7: 1 | C7: 5 | H7: =H4+B7+F7-(C7+D7+G7)-E7 -> 8
A8: 2 | C8: 3 | G8: 1 | H8: =H7+B8+F8-(C8+D8+G8)-E8 -> 4
A9: 3 | B9: 3 | C9: 2 | H9: =H8+B9+F9-(C9+D9+G9)-E9 -> 5
A10: 4 | B10: 2 | C10: 1 | H10: =H9+B10+F10-(C10+D10+G10)-E10 -> 6
A11: 5 | B11: 2 | C11: 2 | H11: =H10+B11+F11-(C11+D11+G11)-E11 -> 6
A12: 6 | B12: 6 | C12: 1 | H12: =H11+B12+F12-(C12+D12+G12)-E12 -> 11
A13: 7 | B13: 2 | C13: 5 | H13: =H12+B13+F13-(C13+D13+G13)-E13 -> 8
A14: 8 | B14: 2 | H14: =H13+B14+F14-(C14+D14+G14)-E14 -> 10
A15: 9 | B15: 2 | C15: 3 | H15: =H14+B15+F15-(C15+D15+G15)-E15 -> 9
A16: 10 | B16: 2 | C16: 3 | G16: 1 | H16: =H15+B16+F16-(C16+D16+G16)-E16 -> 7
A17: 11 | C17: 2 | H17: =H16+B17+F17-(C17+D17+G17)-E17 -> 5
A18: 12 | B18: 2 | C18: 2 | H18: =H17+B18+F18-(C18+D18+G18)-E18 -> 5
A19: 13 | B19: 2 | C19: 2 | H19: =H18+B19+F19-(C19+D19+G19)-E19 -> 5
A20: 14 | B20: 3 | C20: 1 | H20: =H19+B20+F20-(C20+D20+G20)-E20 -> 7
A21: 15 | B21: 3 | C21: 3 | H21: =H20+B21+F21-(C21+D21+G21)-E21 -> 7
A22: 16 | B22: 2 | H22: =H21+B22+F22-(C22+D22+G22)-E22 -> 9
A23: 17 | B23: 5 | C23: 5 | H23: =H22+B23+F23-(C23+D23+G23)-E23 -> 9
A24: 18 | B24: 2 | C24: 2 | H24: =H23+B24+F24-(C24+D24+G24)-E24 -> 9
A25: 19 | B25: 3 | C25: 4 | H25: =H24+B25+F25-(C25+D25+G25)-E25 -> 8
A26: 20 | B26: 3 | C26: 2 | H26: =H25+B26+F26-(C26+D26+G26)-E26 -> 9
A27: 21 | B27: 3 | C27: 1 | H27: =H26+B27+F27-(C27+D27+G27)-E27 -> 11
A28: 22 | B28: 3 | C28: 3 | G28: 1 | H28: =H27+B28+F28-(C28+D28+G28)-E28 -> 10
A29: 23 | B29: 8 | C29: 1 | G29: 1 | H29: =H28+B29+F29-(C29+D29+G29)-E29 -> 16
A30: 24 | B30: 3 | C30: 5 | H30: =H29+B30+F30-(C30+D30+G30)-E30 -> 14
A31: 25 | B31: 1 | C31: 3 | G31: 1 | H31: =H30+B31+F31-(C31+D31+G31)-E31 -> 11
A32: 26 | B32: 4 | C32: 1 | H32: =H31+B32+F32-(C32+D32+G32)-E32 -> 14
A33: 27 | B33: 3 | C33: 7 | F33: 1 | H33: =H32+B33+F33-(C33+D33+G33)-E33 -> 11
A34: 28 | B34: 2 | C34: 2 | H34: =H33+B34+F34-(C34+D34+G34)-E34 -> 11
A35: 29 | B35: 5 | C35: 1 | H35: =H34+B35+F35-(C35+D35+G35)-E35 -> 15
A36: 30 | B36: 1 | C36: 6 | H36: =H35+B36+F36-(C36+D36+G36)-E36 -> 10
A37: 31 | B37: 2 | C37: 3 | G37: 2 | H37: =H36+B37+F37-(C37+D37+G37)-E37 -> 7
A38: TOTAL | B38: =SUM(B7:B37)-E38 -> 82 | C38: =SUM(C7:C37) -> 81 | D38: =SUM(D7:D37) -> 0 | E38: =SUM(E7:E37) -> 0 | F38: =SUM(F7:F37) -> 1 | G38: =SUM(G7:G37) -> 7 | H38: =SUM(H7:H37) -> 277
A41: GHANA HEALTH SERVICE
A42: DAILY BED UTILIZATION FORM
A43: Hospital | B43: HOHOE MUNI HOSP | D43: Ward | E43: BLK F | G43: MONTH | H43: FEBRUARY
A44: Number of patients remaining as at last day of previous month | H44: =H37 -> 7
A45: Bed complement | H45: 20
A46: Day of the Month | B46: Admissions | C46: Discharges | D46: Deaths | E46: Deaths <24Hrs | F46: Transfers-In | G46: Transfers-Out | H46: No. of Patients Remaning In Ward
A47: 1 | B47: 4 | C47: 3 | H47: =H44+B47+F47-(C47+D47+G47)-E47 -> 8
A48: 2 | B48: 1 | C48: 4 | H48: =H47+B48+F48-(C48+D48+G48)-E48 -> 5
A49: 3 | B49: 1 | C49: 3 | H49: =H48+B49+F49-(C49+D49+G49)-E49 -> 3
A50: 4 | B50: 1 | C50: 1 | H50: =H49+B50+F50-(C50+D50+G50)-E50 -> 3
A51: 5 | B51: 3 | C51: 1 | G51: 1 | H51: =H50+B51+F51-(C51+D51+G51)-E51 -> 4
A52: 6 | B52: 2 | C52: 3 | H52: =H51+B52+F52-(C52+D52+G52)-E52 -> 3
A53: 7 | B53: 2 | C53: 3 | H53: =H52+B53+F53-(C53+D53+G53)-E53 -> 2
A54: 8 | B54: 2 | C54: 1 | H54: =H53+B54+F54-(C54+D54+G54)-E54 -> 3
A55: 9 | C55: 1 | H55: =H54+B55+F55-(C55+D55+G55)-E55 -> 2
A56: 10 | B56: 11 | C56: 2 | H56: =H55+B56+F56-(C56+D56+G56)-E56 -> 11
A57: 11 | B57: 2 | C57: 4 | H57: =H56+B57+F57-(C57+D57+G57)-E57 -> 9
A58: 12 | B58: 2 | C58: 4 | H58: =H57+B58+F58-(C58+D58+G58)-E58 -> 7
A59: 13 | B59: 2 | C59: 2 | H59: =H58+B59+F59-(C59+D59+G59)-E59 -> 7
A60: 14 | B60: 3 | C60: 2 | H60: =H59+B60+F60-(C60+D60+G60)-E60 -> 8
A61: 15 | B61: 1 | C61: 2 | H61: =H60+B61+F61-(C61+D61+G61)-E61 -> 7
A62: 16 | C62: 2 | H62: =H61+B62+F62-(C62+D62+G62)-E62 -> 5
A63: 17 | B63: 4 | C63: 3 | H63: =H62+B63+F63-(C63+D63+G63)-E63 -> 6
A64: 18 | B64: 3 | C64: 1 | H64: =H63+B64+F64-(C64+D64+G64)-E64 -> 8
A65: 19 | B65: 1 | C65: 3 | H65: =H64+B65+F65-(C65+D65+G65)-E65 -> 6
A66: 20 | B66: 1 | C66: 3 | H66: =H65+B66+F66-(C66+D66+G66)-E66 -> 4
A67: 21 | B67: 1 | C67: 1 | H67: =H66+B67+F67-(C67+D67+G67)-E67 -> 4
A68: 22 | H68: =H67+B68+F68-(C68+D68+G68)-E68 -> 4
A69: 23 | B69: 1 | C69: 2 | G69: 1 | H69: =H68+B69+F69-(C69+D69+G69)-E69 -> 2
A70: 24 | B70: 8 | H70: =H69+B70+F70-(C70+D70+G70)-E70 -> 10
A71: 25 | B71: 2 | C71: 4 | H71: =H70+B71+F71-(C71+D71+G71)-E71 -> 8
A72: 26 | B72: 2 | C72: 3 | H72: =H71+B72+F72-(C72+D72+G72)-E72 -> 7
A73: 27 | B73: 1 | C73: 3 | H73: =H72+B73+F73-(C73+D73+G73)-E73 -> 5
A74: 28 | B74: 4 | C74: 2 | H74: =H73+B74+F74-(C74+D74+G74)-E74 -> 7
A75: 29 | H75: =H74+B75+F75-(C75+D75+G75)-E75 -> 7
A76: TOTAL | B76: =SUM(B47:B75)-E76 -> 65 | C76: =SUM(C47:C75) -> 63 | D76: =SUM(D47:D75) -> 0 | E76: =SUM(E47:E75) -> 0 | F76: =SUM(F47:F75) -> 0 | G76: =SUM(G47:G75) -> 2 | H76: =SUM(H47:H75) -> 165
A79: GHANA HEALTH SERVICE
A80: DAILY BED UTILIZATION FORM
A81: Hospital | B81: HOHOE MUNI HOSP | D81: Ward | E81: BLK F | G81: MONTH | H81: MARCH
A82: Number of patients remaining as at last day of previous month | H82: =H75 -> 7
A83: Bed complement | H83: 20
A84: Day of the Month | B84: Admissions | C84: Discharges | D84: Deaths | E84: Deaths <24Hrs | F84: Transfers-In | G84: Transfers-Out | H84: No. of Patients Remaning In Ward
A85: 1 | B85: 3 | C85: 2 | H85: =H82+B85+F85-(C85+D85+G85)-E85 -> 8
A86: 2 | B86: 1 | H86: =H85+B86+F86-(C86+D86+G86)-E86 -> 9
A87: 3 | B87: 3 | C87: 3 | H87: =H86+B87+F87-(C87+D87+G87)-E87 -> 9
A88: 4 | B88: 2 | C88: 1 | F88: 1 | H88: =H87+B88+F88-(C88+D88+G88)-E88 -> 11
A89: 5 | B89: 2 | G89: 1 | H89: =H88+B89+F89-(C89+D89+G89)-E89 -> 12
A90: 6 | B90: 1 | C90: 4 | H90: =H89+B90+F90-(C90+D90+G90)-E90 -> 9
A91: 7 | B91: 3 | C91: 3 | H91: =H90+B91+F91-(C91+D91+G91)-E91 -> 9
A92: 8 | C92: 4 | F92: 1 | H92: =H91+B92+F92-(C92+D92+G92)-E92 -> 6
A93: 9 | B93: 2 | C93: 1 | H93: =H92+B93+F93-(C93+D93+G93)-E93 -> 7
A94: 10 | B94: 6 | C94: 3 | H94: =H93+B94+F94-(C94+D94+G94)-E94 -> 10
A95: 11 | B95: 1 | C95: 4 | H95: =H94+B95+F95-(C95+D95+G95)-E95 -> 7
A96: 12 | B96: 3 | C96: 3 | H96: =H95+B96+F96-(C96+D96+G96)-E96 -> 7
A97: 13 | B97: 3 | C97: 1 | H97: =H96+B97+F97-(C97+D97+G97)-E97 -> 9
A98: 14 | B98: 3 | H98: =H97+B98+F98-(C98+D98+G98)-E98 -> 12
A99: 15 | B99: 1 | C99: 3 | H99: =H98+B99+F99-(C99+D99+G99)-E99 -> 10
A100: 16 | B100: 2 | C100: 5 | H100: =H99+B100+F100-(C100+D100+G100)-E100 -> 7
A101: 17 | B101: 2 | C101: 3 | H101: =H100+B101+F101-(C101+D101+G101)-E101 -> 6
A102: 18 | B102: 2 | H102: =H101+B102+F102-(C102+D102+G102)-E102 -> 8
A103: 19 | B103: 1 | C103: 2 | H103: =H102+B103+F103-(C103+D103+G103)-E103 -> 7
A104: 20 | B104: 3 | C104: 3 | H104: =H103+B104+F104-(C104+D104+G104)-E104 -> 7
...

Sheet BLK G
A1: GHANA HEALTH SERVICE
A2: DAILY BED UTILIZATION FORM
A3: Hospital | B3: HOHOE MUNI HOSP | D3: Ward | E3: G | G3: MONTH | H3: JANUARY
A4: Number of patients remaining as at last day of previous month | H4: 8
A5: Bed complement | H5: 14
A6: Day of the Month | B6: Admissions | C6: Discharges | D6: Deaths | E6: Deaths <24Hrs | F6: Transfers-In | G6: Transfers-Out | H6: No. of Patients Remaning In Ward
A7: 1 | B7: 4 | C7: 5 | G7: 1 | H7: =H4+B7+F7-(C7+D7+G7)-E7 -> 6
A8: 2 | B8: 3 | C8: 1 | G8: 1 | H8: =H7+B8+F8-(C8+D8+G8)-E8 -> 7
A9: 3 | B9: 3 | C9: 1 | F9: 1 | H9: =H8+B9+F9-(C9+D9+G9)-E9 -> 10
A10: 4 | B10: 2 | C10: 9 | F10: 1 | G10: 2 | H10: =H9+B10+F10-(C10+D10+G10)-E10 -> 2
A11: 5 | B11: 3 | F11: 1 | G11: 1 | H11: =H10+B11+F11-(C11+D11+G11)-E11 -> 5
A12: 6 | B12: 5 | C12: 2 | G12: 1 | H12: =H11+B12+F12-(C12+D12+G12)-E12 -> 7
A13: 7 | B13: 3 | C13: 2 | F13: 2 | G13: 1 | H13: =H12+B13+F13-(C13+D13+G13)-E13 -> 9
A14: 8 | B14: 1 | C14: 4 | F14: 2 | H14: =H13+B14+F14-(C14+D14+G14)-E14 -> 8
A15: 9 | B15: 5 | C15: 5 | G15: 1 | H15: =H14+B15+F15-(C15+D15+G15)-E15 -> 7
A16: 10 | B16: 4 | C16: 3 | F16: 1 | H16: =H15+B16+F16-(C16+D16+G16)-E16 -> 9
A17: 11 | B17: 5 | C17: 4 | G17: 3 | H17: =H16+B17+F17-(C17+D17+G17)-E17 -> 7
A18: 12 | B18: 3 | C18: 4 | G18: 2 | H18: =H17+B18+F18-(C18+D18+G18)-E18 -> 4
A19: 13 | B19: 3 | C19: 2 | F19: 1 | H19: =H18+B19+F19-(C19+D19+G19)-E19 -> 6
A20: 14 | B20: 4 | C20: 5 | F20: 2 | G20: 2 | H20: =H19+B20+F20-(C20+D20+G20)-E20 -> 5
A21: 15 | B21: 5 | C21: 3 | G21: 1 | H21: =H20+B21+F21-(C21+D21+G21)-E21 -> 6
A22: 16 | B22: 3 | F22: 1 | H22: =H21+B22+F22-(C22+D22+G22)-E22 -> 10
A23: 17 | B23: 1 | C23: 8 | F23: 2 | G23: 1 | H23: =H22+B23+F23-(C23+D23+G23)-E23 -> 4
A24: 18 | B24: 2 | C24: 1 | H24: =H23+B24+F24-(C24+D24+G24)-E24 -> 5
A25: 19 | B25: 2 | C25: 2 | G25: 1 | H25: =H24+B25+F25-(C25+D25+G25)-E25 -> 4
A26: 20 | B26: 3 | C26: 3 | F26: 2 | H26: =H25+B26+F26-(C26+D26+G26)-E26 -> 6
A27: 21 | B27: 3 | C27: 1 | G27: 3 | H27: =H26+B27+F27-(C27+D27+G27)-E27 -> 5
A28: 22 | B28: 2 | C28: 1 | G28: 1 | H28: =H27+B28+F28-(C28+D28+G28)-E28 -> 5
A29: 23 | B29: 2 | H29: =H28+B29+F29-(C29+D29+G29)-E29 -> 7
A30: 24 | B30: 4 | C30: 4 | F30: 1 | G30: 1 | H30: =H29+B30+F30-(C30+D30+G30)-E30 -> 7
A31: 25 | B31: 2 | C31: 2 | F31: 1 | G31: 2 | H31: =H30+B31+F31-(C31+D31+G31)-E31 -> 6
A32: 26 | B32: 2 | C32: 2 | F32: 1 | H32: =H31+B32+F32-(C32+D32+G32)-E32 -> 7
A33: 27 | B33: 1 | C33: 3 | G33: 1 | H33: =H32+B33+F33-(C33+D33+G33)-E33 -> 4
A34: 28 | B34: 4 | H34: =H33+B34+F34-(C34+D34+G34)-E34 -> 8
A35: 29 | B35: 6 | C35: 1 | G35: 2 | H35: =H34+B35+F35-(C35+D35+G35)-E35 -> 11
A36: 30 | B36: 1 | C36: 9 | F36: 1 | H36: =H35+B36+F36-(C36+D36+G36)-E36 -> 4
A37: 31 | B37: 4 | C37: 3 | F37: 3 | H37: =H36+B37+F37-(C37+D37+G37)-E37 -> 8
A38: TOTAL | B38: =SUM(B7:B37)-E38 -> 95 | C38: =SUM(C7:C37) -> 90 | D38: =SUM(D7:D37) -> 0 | E38: =SUM(E7:E37) -> 0 | F38: =SUM(F7:F37) -> 23 | G38: =SUM(G7:G37) -> 28 | H38: =SUM(H7:H37) -> 199
A41: GHANA HEALTH SERVICE
A42: DAILY BED UTILIZATION FORM
A43: Hospital | B43: HOHOE MUNI HOSP | D43: Ward | E43: G | G43: MONTH | H43: FEBRUARY
A44: Number of patients remaining as at last day of previous month | H44: =H37 -> 8
A45: Bed complement | H45: 14
A46: Day of the Month | B46: Admissions | C46: Discharges | D46: Deaths | E46: Deaths <24Hrs | F46: Transfers-In | G46: Transfers-Out | H46: No. of Patients Remaning In Ward
A47: 1 | B47: 1 | C47: 2 | F47: 1 | G47: 1 | H47: =H44+B47+F47-(C47+D47+G47)-E47 -> 7
A48: 2 | B48: 2 | C48: 4 | G48: 2 | H48: =H47+B48+F48-(C48+D48+G48)-E48 -> 3
A49: 3 | B49: 3 | C49: 2 | F49: 1 | G49: 1 | H49: =H48+B49+F49-(C49+D49+G49)-E49 -> 4
A50: 4 | B50: 4 | C50: 1 | F50: 1 | G50: 3 | H50: =H49+B50+F50-(C50+D50+G50)-E50 -> 5
A51: 5 | B51: 2 | C51: 3 | F51: 2 | H51: =H50+B51+F51-(C51+D51+G51)-E51 -> 6
A52: 6 | B52: 3 | G52: 3 | H52: =H51+B52+F52-(C52+D52+G52)-E52 -> 6
A53: 7 | C53: 1 | G53: 1 | H53: =H52+B53+F53-(C53+D53+G53)-E53 -> 4
A54: 8 | B54: 1 | C54: 1 | G54: 1 | H54: =H53+B54+F54-(C54+D54+G54)-E54 -> 3
A55: 9 | B55: 4 | G55: 1 | H55: =H54+B55+F55-(C55+D55+G55)-E55 -> 6
A56: 10 | B56: 6 | C56: 5 | H56: =H55+B56+F56-(C56+D56+G56)-E56 -> 7
A57: 11 | B57: 4 | C57: 4 | F57: 2 | G57: 2 | H57: =H56+B57+F57-(C57+D57+G57)-E57 -> 7
A58: 12 | B58: 7 | C58: 3 | H58: =H57+B58+F58-(C58+D58+G58)-E58 -> 11
A59: 13 | B59: 1 | C59: 4 | G59: 1 | H59: =H58+B59+F59-(C59+D59+G59)-E59 -> 7
A60: 14 | B60: 2 | C60: 1 | F60: 1 | G60: 1 | H60: =H59+B60+F60-(C60+D60+G60)-E60 -> 8
A61: 15 | B61: 1 | C61: 1 | F61: 1 | H61: =H60+B61+F61-(C61+D61+G61)-E61 -> 9
A62: 16 | B62: 3 | C62: 5 | F62: 1 | H62: =H61+B62+F62-(C62+D62+G62)-E62 -> 8
A63: 17 | B63: 1 | C63: 3 | F63: 2 | G63: 1 | H63: =H62+B63+F63-(C63+D63+G63)-E63 -> 7
A64: 18 | B64: 4 | C64: 4 | F64: 1 | H64: =H63+B64+F64-(C64+D64+G64)-E64 -> 8
A65: 19 | B65: 2 | C65: 1 | F65: 1 | G65: 2 | H65: =H64+B65+F65-(C65+D65+G65)-E65 -> 8
A66: 20 | B66: 6 | C66: 3 | G66: 3 | H66: =H65+B66+F66-(C66+D66+G66)-E66 -> 8
A67: 21 | B67: 2 | C67: 2 | G67: 3 | H67: =H66+B67+F67-(C67+D67+G67)-E67 -> 5
A68: 22 | B68: 3 | C68: 2 | G68: 1 | H68: =H67+B68+F68-(C68+D68+G68)-E68 -> 5
A69: 23 | B69: 3 | F69: 1 | G69: 1 | H69: =H68+B69+F69-(C69+D69+G69)-E69 -> 8
A70: 24 | B70: 6 | C70: 3 | H70: =H69+B70+F70-(C70+D70+G70)-E70 -> 11
A71: 25 | B71: 6 | C71: 4 | F71: 2 | G71: 1 | H71: =H70+B71+F71-(C71+D71+G71)-E71 -> 14
A72: 26 | B72: 2 | C72: 7 | F72: 1 | G72: 1 | H72: =H71+B72+F72-(C72+D72+G72)-E72 -> 9
A73: 27 | B73: 3 | C73: 2 | F73: 1 | G73: 2 | H73: =H72+B73+F73-(C73+D73+G73)-E73 -> 9
A74: 28 | B74: 2 | C74: 3 | F74: 3 | G74: 1 | H74: =H73+B74+F74-(C74+D74+G74)-E74 -> 10
A75: 29 | H75: =H74+B75+F75-(C75+D75+G75)-E75 -> 10
A76: TOTAL | B76: =SUM(B47:B75)-E76 -> 84 | C76: =SUM(C47:C75) -> 71 | D76: =SUM(D47:D75) -> 0 | E76: =SUM(E47:E75) -> 0 | F76: =SUM(F47:F75) -> 22 | G76: =SUM(G47:G75) -> 33 | H76: =SUM(H47:H75) -> 213
A79: GHANA HEALTH SERVICE
A80: DAILY BED UTILIZATION FORM
A81: Hospital | B81: HOHOE MUNI HOSP | D81: Ward | E81: G | G81: MONTH | H81: MARCH
A82: Number of patients remaining as at last day of previous month | H82: =H75 -> 10
A83: Bed complement | H83: 14
A84: Day of the Month | B84: Admissions | C84: Discharges | D84: Deaths | E84: Deaths <24Hrs | F84: Transfers-In | G84: Transfers-Out | H84: No. of Patients Remaning In Ward
A85: 1 | B85: 3 | C85: 4 | G85: 2 | H85: =H82+B85+F85-(C85+D85+G85)-E85 -> 7
A86: 2 | B86: 2 | C86: 1 | H86: =H85+B86+F86-(C86+D86+G86)-E86 -> 8
A87: 3 | B87: 4 | C87: 2 | F87: 1 | H87: =H86+B87+F87-(C87+D87+G87)-E87 -> 11
A88: 4 | B88: 4 | C88: 4 | F88: 2 | G88: 2 | H88: =H87+B88+F88-(C88+D88+G88)-E88 -> 11
A89: 5 | B89: 3 | C89: 2 | F89: 1 | G89: 2 | H89: =H88+B89+F89-(C89+D89+G89)-E89 -> 11
A90: 6 | B90: 3 | C90: 1 | F90: 1 | G90: 3 | H90: =H89+B90+F90-(C90+D90+G90)-E90 -> 11
A91: 7 | B91: 7 | C91: 6 | G91: 2 | H91: =H90+B91+F91-(C91+D91+G91)-E91 -> 10
A92: 8 | B92: 6 | C92: 6 | H92: =H91+B92+F92-(C92+D92+G92)-E92 -> 10
A93: 9 | B93: 4 | C93: 5 | G93: 2 | H93: =H92+B93+F93-(C93+D93+G93)-E93 -> 7
A94: 10 | B94: 5 | C94: 5 | F94: 1 | G94: 1 | H94: =H93+B94+F94-(C94+D94+G94)-E94 -> 7
A95: 11 | B95: 4 | C95: 3 | F95: 1 | H95: =H94+B95+F95-(C95+D95+G95)-E95 -> 9
A96: 12 | B96: 7 | C96: 1 | F96: 1 | H96: =H95+B96+F96-(C96+D96+G96)-E96 -> 16
A97: 13 | B97: 4 | C97: 7 | F97: 1 | G97: 1 | H97: =H96+B97+F97-(C97+D97+G97)-E97 -> 13
A98: 14 | B98: 2 | C98: 2 | F98: 3 | G98: 1 | H98: =H97+B98+F98-(C98+D98+G98)-E98 -> 15
A99: 15 | B99: 2 | C99: 6 | F99: 1 | G99: 1 | H99: =H98+B99+F99-(C99+D99+G99)-E99 -> 11
A100: 16 | B100: 3 | C100: 4 | F100: 1 | G100: 1 | H100: =H99+B100+F100-(C100+D100+G100)-E100 -> 10
A101: 17 | B101: 5 | C101: 3 | G101: 1 | H101: =H100+B101+F101-(C101+D101+G101)-E101 -> 11
A102: 18 | B102: 5 | C102: 5 | G102: 1 | H102: =H101+B102+F102-(C102+D102+G102)-E102 -> 10
A103: 19 | B103: 6 | C103: 4 | F103: 2 | H103: =H102+B103+F103-(C103+D103+G103)-E103 -> 14
A104: 20 | B104: 3 | C104: 2 | F104: 3 | H104: =H103+B104+F104-(C104+D104+G104)-E104 -> 18
...

Sheet BLK H
A1: GHANA HEALTH SERVICE
A2: DAILY BED UTILIZATION FORM
A3: Hospital | B3: HOHOE MUNI HOSP | D3: Ward | E3: BLK H | G3: MONTH | H3: JANUARY
A4: Number of patients remaining as at last day of previous month | H4: 12
A5: Bed complement | H5: 22
A6: Day of the Month | B6: Admissions | C6: Discharges | D6: Deaths | E6: Deaths <24Hrs | F6: Transfers-In | G6: Transfers-Out | H6: No. of Patients Remaning In Ward
A7: 1 | B7: 2 | C7: 2 | F7: 1 | H7: =H4+B7+F7-(C7+D7+G7)-E7 -> 13
A8: 2 | C8: 4 | F8: 2 | H8: =H7+B8+F8-(C8+D8+G8)-E8 -> 11
A9: 3 | B9: 5 | C9: 1 | G9: 1 | H9: =H8+B9+F9-(C9+D9+G9)-E9 -> 14
A10: 4 | C10: 1 | F10: 2 | G10: 1 | H10: =H9+B10+F10-(C10+D10+G10)-E10 -> 14
A11: 5 | B11: 2 | C11: 8 | F11: 1 | G11: 1 | H11: =H10+B11+F11-(C11+D11+G11)-E11 -> 8
A12: 6 | B12: 3 | C12: 2 | F12: 1 | H12: =H11+B12+F12-(C12+D12+G12)-E12 -> 10
A13: 7 | B13: 1 | C13: 3 | F13: 1 | G13: 2 | H13: =H12+B13+F13-(C13+D13+G13)-E13 -> 7
A14: 8 | B14: 3 | G14: 2 | H14: =H13+B14+F14-(C14+D14+G14)-E14 -> 8
A15: 9 | B15: 2 | F15: 1 | H15: =H14+B15+F15-(C15+D15+G15)-E15 -> 11
A16: 10 | C16: 4 | H16: =H15+B16+F16-(C16+D16+G16)-E16 -> 7
A17: 11 | B17: 1 | C17: 6 | F17: 3 | H17: =H16+B17+F17-(C17+D17+G17)-E17 -> 5
A18: 12 | C18: 1 | F18: 2 | H18: =H17+B18+F18-(C18+D18+G18)-E18 -> 6
A19: 13 | B19: 6 | C19: 4 | G19: 1 | H19: =H18+B19+F19-(C19+D19+G19)-E19 -> 7
A20: 14 | B20: 3 | F20: 2 | G20: 2 | H20: =H19+B20+F20-(C20+D20+G20)-E20 -> 10
A21: 15 | B21: 9 | C21: 1 | F21: 1 | H21: =H20+B21+F21-(C21+D21+G21)-E21 -> 19
A22: 16 | B22: 1 | C22: 3 | G22: 1 | H22: =H21+B22+F22-(C22+D22+G22)-E22 -> 16
A23: 17 | B23: 1 | C23: 2 | F23: 1 | G23: 2 | H23: =H22+B23+F23-(C23+D23+G23)-E23 -> 14
A24: 18 | B24: 1 | C24: 9 | H24: =H23+B24+F24-(C24+D24+G24)-E24 -> 6
A25: 19 | F25: 1 | H25: =H24+B25+F25-(C25+D25+G25)-E25 -> 7
A26: 20 | B26: 5 | C26: 1 | G26: 2 | H26: =H25+B26+F26-(C26+D26+G26)-E26 -> 9
A27: 21 | B27: 1 | C27: 1 | F27: 3 | H27: =H26+B27+F27-(C27+D27+G27)-E27 -> 12
A28: 22 | B28: 5 | C28: 1 | F28: 1 | H28: =H27+B28+F28-(C28+D28+G28)-E28 -> 17
A29: 23 | C29: 6 | F29: 1 | H29: =H28+B29+F29-(C29+D29+G29)-E29 -> 12
A30: 24 | B30: 3 | C30: 1 | F30: 1 | G30: 1 | H30: =H29+B30+F30-(C30+D30+G30)-E30 -> 14
A31: 25 | B31: 2 | C31: 3 | F31: 3 | G31: 1 | H31: =H30+B31+F31-(C31+D31+G31)-E31 -> 15
A32: 26 | B32: 1 | C32: 3 | G32: 1 | H32: =H31+B32+F32-(C32+D32+G32)-E32 -> 12
A33: 27 | B33: 3 | C33: 3 | F33: 1 | H33: =H32+B33+F33-(C33+D33+G33)-E33 -> 13
A34: 28 | B34: 2 | C34: 2 | H34: =H33+B34+F34-(C34+D34+G34)-E34 -> 13
A35: 29 | B35: 3 | F35: 2 | H35: =H34+B35+F35-(C35+D35+G35)-E35 -> 18
A36: 30 | B36: 3 | C36: 2 | G36: 1 | H36: =H35+B36+F36-(C36+D36+G36)-E36 -> 18
A37: 31 | B37: 1 | C37: 3 | G37: 1 | H37: =H36+B37+F37-(C37+D37+G37)-E37 -> 15
A38: TOTAL | B38: =SUM(B7:B37)-E38 -> 69 | C38: =SUM(C7:C37) -> 77 | D38: =SUM(D7:D37) -> 0 | E38: =SUM(E7:E37) -> 0 | F38: =SUM(F7:F37) -> 31 | G38: =SUM(G7:G37) -> 20 | H38: =SUM(H7:H37) -> 361
A41: GHANA HEALTH SERVICE
A42: DAILY BED UTILIZATION FORM
A43: Hospital | B43: HOHOE MUNI HOSP | D43: Ward | E43: BLK H | G43: MONTH | H43: FEBRUARY
A44: Number of patients remaining as at last day of previous month | H44: =H37 -> 15
A45: Bed complement | H45: 22
A46: Day of the Month | B46: Admissions | C46: Discharges | D46: Deaths | E46: Deaths <24Hrs | F46: Transfers-In | G46: Transfers-Out | H46: No. of Patients Remaning In Ward
A47: 1 | C47: 7 | F47: 1 | G47: 1 | H47: =H44+B47+F47-(C47+D47+G47)-E47 -> 8
A48: 2 | B48: 3 | C48: 1 | F48: 2 | H48: =H47+B48+F48-(C48+D48+G48)-E48 -> 12
A49: 3 | B49: 6 | C49: 1 | F49: 1 | G49: 1 | H49: =H48+B49+F49-(C49+D49+G49)-E49 -> 17
A50: 4 | B50: 1 | C50: 1 | F50: 3 | G50: 1 | H50: =H49+B50+F50-(C50+D50+G50)-E50 -> 19
A51: 5 | B51: 1 | C51: 5 | G51: 1 | H51: =H50+B51+F51-(C51+D51+G51)-E51 -> 14
A52: 6 | C52: 7 | F52: 3 | H52: =H51+B52+F52-(C52+D52+G52)-E52 -> 10
A53: 7 | C53: 2 | F53: 1 | H53: =H52+B53+F53-(C53+D53+G53)-E53 -> 9
A54: 8 | B54: 1 | C54: 4 | F54: 1 | H54: =H53+B54+F54-(C54+D54+G54)-E54 -> 7
A55: 9 | C55: 2 | F55: 1 | H55: =H54+B55+F55-(C55+D55+G55)-E55 -> 6
A56: 10 | B56: 4 | H56: =H55+B56+F56-(C56+D56+G56)-E56 -> 10
A57: 11 | B57: 1 | C57: 1 | F57: 2 | G57: 2 | H57: =H56+B57+F57-(C57+D57+G57)-E57 -> 10
A58: 12 | B58: 3 | C58: 1 | H58: =H57+B58+F58-(C58+D58+G58)-E58 -> 12
A59: 13 | B59: 2 | F59: 1 | H59: =H58+B59+F59-(C59+D59+G59)-E59 -> 15
A60: 14 | B60: 1 | C60: 5 | F60: 1 | G60: 1 | H60: =H59+B60+F60-(C60+D60+G60)-E60 -> 11
A61: 15 | B61: 2 | C61: 1 | G61: 1 | H61: =H60+B61+F61-(C61+D61+G61)-E61 -> 11
A62: 16 | B62: 2 | C62: 4 | G62: 1 | H62: =H61+B62+F62-(C62+D62+G62)-E62 -> 8
A63: 17 | B63: 4 | F63: 1 | G63: 2 | H63: =H62+B63+F63-(C63+D63+G63)-E63 -> 11
A64: 18 | B64: 3 | G64: 1 | H64: =H63+B64+F64-(C64+D64+G64)-E64 -> 13
A65: 19 | B65: 3 | C65: 2 | F65: 2 | G65: 1 | H65: =H64+B65+F65-(C65+D65+G65)-E65 -> 15
A66: 20 | B66: 4 | C66: 4 | F66: 3 | H66: =H65+B66+F66-(C66+D66+G66)-E66 -> 18
A67: 21 | C67: 3 | F67: 3 | H67: =H66+B67+F67-(C67+D67+G67)-E67 -> 18
A68: 22 | B68: 1 | C68: 10 | F68: 1 | H68: =H67+B68+F68-(C68+D68+G68)-E68 -> 10
A69: 23 | B69: 1 | C69: 2 | F69: 1 | H69: =H68+B69+F69-(C69+D69+G69)-E69 -> 10
A70: 24 | B70: 5 | C70: 1 | H70: =H69+B70+F70-(C70+D70+G70)-E70 -> 14
A71: 25 | B71: 2 | C71: 3 | F71: 1 | G71: 2 | H71: =H70+B71+F71-(C71+D71+G71)-E71 -> 12
A72: 26 | B72: 6 | F72: 1 | G72: 1 | H72: =H71+B72+F72-(C72+D72+G72)-E72 -> 18
A73: 27 | B73: 6 | C73: 4 | F73: 2 | G73: 1 | H73: =H72+B73+F73-(C73+D73+G73)-E73 -> 21
A74: 28 | C74: 3 | F74: 1 | G74: 3 | H74: =H73+B74+F74-(C74+D74+G74)-E74 -> 16
A75: 29 | H75: =H74+B75+F75-(C75+D75+G75)-E75 -> 16
A76: TOTAL | B76: =SUM(B47:B75)-E76 -> 62 | C76: =SUM(C47:C75) -> 74 | D76: =SUM(D47:D75) -> 0 | E76: =SUM(E47:E75) -> 0 | F76: =SUM(F47:F75) -> 33 | G76: =SUM(G47:G75) -> 20 | H76: =SUM(H47:H75) -> 371
A79: GHANA HEALTH SERVICE
A80: DAILY BED UTILIZATION FORM
A81: Hospital | B81: HOHOE MUNI HOSP | D81: Ward | E81: BLK H | G81: MONTH | H81: MARCH
A82: Number of patients remaining as at last day of previous month | H82: =H75 -> 16
A83: Bed complement | H83: 22
A84: Day of the Month | B84: Admissions | C84: Discharges | D84: Deaths | E84: Deaths <24Hrs | F84: Transfers-In | G84: Transfers-Out | H84: No. of Patients Remaning In Ward
A85: 1 | C85: 3 | F85: 2 | H85: =H82+B85+F85-(C85+D85+G85)-E85 -> 15
A86: 2 | B86: 2 | C86: 5 | H86: =H85+B86+F86-(C86+D86+G86)-E86 -> 12
A87: 3 | B87: 1 | C87: 1 | G87: 1 | H87: =H86+B87+F87-(C87+D87+G87)-E87 -> 11
A88: 4 | B88: 5 | C88: 5 | F88: 2 | G88: 2 | H88: =H87+B88+F88-(C88+D88+G88)-E88 -> 11
A89: 5 | B89: 3 | C89: 1 | F89: 3 | G89: 1 | H89: =H88+B89+F89-(C89+D89+G89)-E89 -> 15
A90: 6 | B90: 2 | C90: 5 | F90: 3 | G90: 1 | H90: =H89+B90+F90-(C90+D90+G90)-E90 -> 14
A91: 7 | C91: 4 | F91: 2 | H91: =H90+B91+F91-(C91+D91+G91)-E91 -> 12
A92: 8 | C92: 1 | H92: =H91+B92+F92-(C92+D92+G92)-E92 -> 11
A93: 9 | B93: 2 | C93: 4 | F93: 2 | H93: =H92+B93+F93-(C93+D93+G93)-E93 -> 11
A94: 10 | B94: 1 | C94: 2 | F94: 1 | G94: 1 | H94: =H93+B94+F94-(C94+D94+G94)-E94 -> 10
A95: 11 | B95: 1 | C95: 4 | G95: 1 | H95: =H94+B95+F95-(C95+D95+G95)-E95 -> 6
A96: 12 | B96: 8 | C96: 1 | G96: 1 | H96: =H95+B96+F96-(C96+D96+G96)-E96 -> 12
A97: 13 | B97: 1 | C97: 2 | F97: 1 | G97: 1 | H97: =H96+B97+F97-(C97+D97+G97)-E97 -> 11
A98: 14 | B98: 1 | C98: 2 | F98: 1 | G98: 3 | H98: =H97+B98+F98-(C98+D98+G98)-E98 -> 8
A99: 15 | B99: 3 | C99: 5 | F99: 1 | G99: 1 | H99: =H98+B99+F99-(C99+D99+G99)-E99 -> 6
A100: 16 | F100: 1 | G100: 1 | H100: =H99+B100+F100-(C100+D100+G100)-E100 -> 6
A101: 17 | B101: 3 | C101: 3 | F101: 1 | H101: =H100+B101+F101-(C101+D101+G101)-E101 -> 7
A102: 18 | B102: 4 | C102: 1 | F102: 1 | H102: =H101+B102+F102-(C102+D102+G102)-E102 -> 11
A103: 19 | B103: 4 | C103: 1 | G103: 2 | H103: =H102+B103+F103-(C103+D103+G103)-E103 -> 12
A104: 20 | B104: 3 | C104: 4 | G104: 3 | H104: =H103+B104+F104-(C104+D104+G104)-E104 -> 8
...

Sheet Neonatal
A1: GHANA HEALTH SERVICE
A2: DAILY BED UTILIZATION FORM
A3: Hospital | B3: HOHOE MUNI HOSP | D3: Ward | E3: NEONATAL | G3: MONTH | H3: JANUARY
A4: Number of patients remaining as at last day of previous month | H4: 11
A5: Bed complement | H5: 15
A6: Day of the Month | B6: Admissions | C6: Discharges | D6: Deaths | E6: Deaths <24Hrs | F6: Transfers-In | G6: Transfers-Out | H6: No. of Patients Remaning In Ward
A7: 1 | B7: 2 | C7: 3 | H7: =H4+B7+F7-(C7+D7+G7)-E7 -> 10
A8: 2 | B8: 1 | H8: =H7+B8+F8-(C8+D8+G8)-E8 -> 11
A9: 3 | B9: 2 | C9: 2 | H9: =H8+B9+F9-(C9+D9+G9)-E9 -> 11
A10: 4 | B10: 1 | C10: 3 | H10: =H9+B10+F10-(C10+D10+G10)-E10 -> 9
A11: 5 | B11: 1 | C11: 1 | H11: =H10+B11+F11-(C11+D11+G11)-E11 -> 9
A12: 6 | B12: 1 | C12: 4 | H12: =H11+B12+F12-(C12+D12+G12)-E12 -> 6
A13: 7 | B13: 1 | H13: =H12+B13+F13-(C13+D13+G13)-E13 -> 7
A14: 8 | C14: 1 | H14: =H13+B14+F14-(C14+D14+G14)-E14 -> 6
A15: 9 | B15: 2 | C15: 1 | H15: =H14+B15+F15-(C15+D15+G15)-E15 -> 7
A16: 10 | C16: 1 | H16: =H15+B16+F16-(C16+D16+G16)-E16 -> 6
A17: 11 | B17: 1 | C17: 2 | H17: =H16+B17+F17-(C17+D17+G17)-E17 -> 5
A18: 12 | B18: 3 | H18: =H17+B18+F18-(C18+D18+G18)-E18 -> 8
A19: 13 | B19: 1 | H19: =H18+B19+F19-(C19+D19+G19)-E19 -> 9
A20: 14 | B20: 3 | H20: =H19+B20+F20-(C20+D20+G20)-E20 -> 12
A21: 15 | B21: 1 | C21: 2 | H21: =H20+B21+F21-(C21+D21+G21)-E21 -> 11
A22: 16 | B22: 1 | H22: =H21+B22+F22-(C22+D22+G22)-E22 -> 12
A23: 17 | B23: 2 | D23: 1 | H23: =H22+B23+F23-(C23+D23+G23)-E23 -> 13
A24: 18 | C24: 1 | H24: =H23+B24+F24-(C24+D24+G24)-E24 -> 12
A25: 19 | B25: 2 | C25: 2 | H25: =H24+B25+F25-(C25+D25+G25)-E25 -> 12
A26: 20 | B26: 1 | C26: 1 | H26: =H25+B26+F26-(C26+D26+G26)-E26 -> 12
A27: 21 | B27: 2 | C27: 1 | H27: =H26+B27+F27-(C27+D27+G27)-E27 -> 13
A28: 22 | B28: 5 | C28: 2 | H28: =H27+B28+F28-(C28+D28+G28)-E28 -> 16
A29: 23 | C29: 2 | H29: =H28+B29+F29-(C29+D29+G29)-E29 -> 14
A30: 24 | B30: 2 | C30: 1 | G30: 1 | H30: =H29+B30+F30-(C30+D30+G30)-E30 -> 14
A31: 25 | C31: 2 | H31: =H30+B31+F31-(C31+D31+G31)-E31 -> 12
A32: 26 | C32: 2 | H32: =H31+B32+F32-(C32+D32+G32)-E32 -> 10
A33: 27 | B33: 1 | C33: 3 | H33: =H32+B33+F33-(C33+D33+G33)-E33 -> 8
A34: 28 | B34: 1 | H34: =H33+B34+F34-(C34+D34+G34)-E34 -> 9
A35: 29 | B35: 3 | C35: 2 | H35: =H34+B35+F35-(C35+D35+G35)-E35 -> 10
A36: 30 | B36: 2 | C36: 1 | H36: =H35+B36+F36-(C36+D36+G36)-E36 -> 11
A37: 31 | B37: 2 | C37: 2 | H37: =H36+B37+F37-(C37+D37+G37)-E37 -> 11
A38: TOTAL | B38: =SUM(B7:B37)-E38 -> 44 | C38: =SUM(C7:C37) -> 42 | D38: =SUM(D7:D37) -> 1 | E38: =SUM(E7:E37) -> 0 | F38: =SUM(F7:F37) -> 0 | G38: =SUM(G7:G37) -> 1 | H38: =SUM(H7:H37) -> 316
A41: GHANA HEALTH SERVICE
A42: DAILY BED UTILIZATION FORM
A43: Hospital | B43: HOHOE MUNI HOSP | D43: Ward | E43: NEONATAL | G43: MONTH | H43: FEBRUARY
A44: Number of patients remaining as at last day of previous month | H44: =H37 -> 11
A45: Bed complement | H45: 15
A46: Day of the Month | B46: Admissions | C46: Discharges | D46: Deaths | E46: Deaths <24Hrs | F46: Transfers-In | G46: Transfers-Out | H46: No. of Patients Remaning In Ward
A47: 1 | B47: 1 | H47: =H44+B47+F47-(C47+D47+G47)-E47 -> 12
A48: 2 | B48: 2 | H48: =H47+B48+F48-(C48+D48+G48)-E48 -> 14
A49: 3 | B49: 1 | C49: 1 | H49: =H48+B49+F49-(C49+D49+G49)-E49 -> 14
A50: 4 | B50: 2 | H50: =H49+B50+F50-(C50+D50+G50)-E50 -> 16
A51: 5 | B51: 1 | H51: =H50+B51+F51-(C51+D51+G51)-E51 -> 17
A52: 6 | B52: 4 | C52: 3 | H52: =H51+B52+F52-(C52+D52+G52)-E52 -> 18
A53: 7 | B53: 3 | H53: =H52+B53+F53-(C53+D53+G53)-E53 -> 21
A54: 8 | C54: 5 | H54: =H53+B54+F54-(C54+D54+G54)-E54 -> 16
A55: 9 | B55: 2 | C55: 2 | D55: 1 | H55: =H54+B55+F55-(C55+D55+G55)-E55 -> 15
A56: 10 | B56: 2 | C56: 1 | H56: =H55+B56+F56-(C56+D56+G56)-E56 -> 16
A57: 11 | B57: 1 | C57: 1 | H57: =H56+B57+F57-(C57+D57+G57)-E57 -> 16
A58: 12 | C58: 2 | H58: =H57+B58+F58-(C58+D58+G58)-E58 -> 14
A59: 13 | B59: 4 | C59: 2 | H59: =H58+B59+F59-(C59+D59+G59)-E59 -> 16
A60: 14 | B60: 5 | C60: 2 | H60: =H59+B60+F60-(C60+D60+G60)-E60 -> 19
A61: 15 | C61: 2 | H61: =H60+B61+F61-(C61+D61+G61)-E61 -> 17
A62: 16 | D62: 1 | H62: =H61+B62+F62-(C62+D62+G62)-E62 -> 16
A63: 17 | B63: 3 | C63: 1 | H63: =H62+B63+F63-(C63+D63+G63)-E63 -> 18
A64: 18 | B64: 4 | C64: 3 | H64: =H63+B64+F64-(C64+D64+G64)-E64 -> 19
A65: 19 | B65: 2 | C65: 2 | H65: =H64+B65+F65-(C65+D65+G65)-E65 -> 19
A66: 20 | B66: 3 | C66: 2 | H66: =H65+B66+F66-(C66+D66+G66)-E66 -> 20
A67: 21 | B67: 2 | C67: 2 | H67: =H66+B67+F67-(C67+D67+G67)-E67 -> 20
A68: 22 | B68: 4 | C68: 1 | H68: =H67+B68+F68-(C68+D68+G68)-E68 -> 23
A69: 23 | B69: 3 | C69: 3 | H69: =H68+B69+F69-(C69+D69+G69)-E69 -> 23
A70: 24 | B70: 1 | C70: 2 | H70: =H69+B70+F70-(C70+D70+G70)-E70 -> 22
A71: 25 | B71: 2 | C71: 7 | H71: =H70+B71+F71-(C71+D71+G71)-E71 -> 17
A72: 26 | B72: 2 | C72: 1 | H72: =H71+B72+F72-(C72+D72+G72)-E72 -> 18
A73: 27 | B73: 4 | H73: =H72+B73+F73-(C73+D73+G73)-E73 -> 22
A74: 28 | B74: 3 | C74: 3 | D74: 1 | H74: =H73+B74+F74-(C74+D74+G74)-E74 -> 21
A75: 29 | H75: =H74+B75+F75-(C75+D75+G75)-E75 -> 21
A76: TOTAL | B76: =SUM(B45:B75)-E76 -> 61 | C76: =SUM(C47:C75) -> 48 | D76: =SUM(D47:D75) -> 3 | E76: =SUM(E47:E75) -> 0 | F76: =SUM(F47:F75) -> 0 | G76: =SUM(G47:G75) -> 0 | H76: =SUM(H47:H75) -> 520
A79: GHANA HEALTH SERVICE
A80: DAILY BED UTILIZATION FORM
A81: Hospital | B81: HOHOE MUNI HOSP | D81: Ward | E81: NEONATAL | G81: MONTH | H81: MARCH
A82: Number of patients remaining as at last day of previous month | H82: =H75 -> 21
A83: Bed complement | H83: 15
A84: Day of the Month | B84: Admissions | C84: Discharges | D84: Deaths | E84: Deaths <24Hrs | F84: Transfers-In | G84: Transfers-Out | H84: No. of Patients Remaning In Ward
A85: 1 | B85: 3 | C85: 1 | H85: =H82+B85+F85-(C85+D85+G85)-E85 -> 23
A86: 2 | C86: 1 | H86: =H85+B86+F86-(C86+D86+G86)-E86 -> 22
A87: 3 | C87: 3 | H87: =H86+B87+F87-(C87+D87+G87)-E87 -> 19
A88: 4 | B88: 1 | C88: 4 | H88: =H87+B88+F88-(C88+D88+G88)-E88 -> 16
A89: 5 | B89: 2 | H89: =H88+B89+F89-(C89+D89+G89)-E89 -> 18
A90: 6 | C90: 1 | H90: =H89+B90+F90-(C90+D90+G90)-E90 -> 17
A91: 7 | B91: 2 | H91: =H90+B91+F91-(C91+D91+G91)-E91 -> 19
A92: 8 | H92: =H91+B92+F92-(C92+D92+G92)-E92 -> 19
A93: 9 | B93: 1 | H93: =H92+B93+F93-(C93+D93+G93)-E93 -> 20
A94: 10 | B94: 2 | C94: 3 | H94: =H93+B94+F94-(C94+D94+G94)-E94 -> 19
A95: 11 | C95: 3 | D95: 1 | H95: =H94+B95+F95-(C95+D95+G95)-E95 -> 15
A96: 12 | B96: 1 | C96: 2 | H96: =H95+B96+F96-(C96+D96+G96)-E96 -> 14
A97: 13 | B97: 1 | C97: 5 | H97: =H96+B97+F97-(C97+D97+G97)-E97 -> 10
A98: 14 | B98: 1 | H98: =H97+B98+F98-(C98+D98+G98)-E98 -> 11
A99: 15 | B99: 1 | C99: 1 | H99: =H98+B99+F99-(C99+D99+G99)-E99 -> 11
A100: 16 | C100: 1 | H100: =H99+B100+F100-(C100+D100+G100)-E100 -> 10
A101: 17 | B101: 1 | C101: 2 | H101: =H100+B101+F101-(C101+D101+G101)-E101 -> 9
A102: 18 | B102: 3 | C102: 1 | D102: 1 | H102: =H101+B102+F102-(C102+D102+G102)-E102 -> 10
A103: 19 | B103: 1 | C103: 1 | H103: =H102+B103+F103-(C103+D103+G103)-E103 -> 10
A104: 20 | C104: 2 | H104: =H103+B104+F104-(C104+D104+G104)-E104 -> 8
...

Sheet Male Emergency
A1: GHANA HEALTH SERVICE
A2: DAILY BED UTILIZATION FORM
A3: Hospital | B3: HOHOE MUNI HOSP | D3: Ward | E3: MALE EMERGENCY | G3: MONTH | H3: JANUARY
A4: Number of patients remaining as at last day of previous month | H4: 2
A5: Bed complement | H5: 10
A6: Day of the Month | B6: Admissions | C6: Discharges | D6: Deaths | E6: Deaths <24Hrs | F6: Transfers-In | G6: Transfers-Out | H6: No. of Patients Remaning In Ward
A7: 1 | B7: 3 | C7: 1 | G7: 1 | H7: =H4+B7+F7-(C7+D7+G7)-E7 -> 3
A8: 2 | B8: 3 | C8: 1 | D8: 1 | G8: 1 | H8: =H7+B8+F8-(C8+D8+G8)-E8 -> 3
A9: 3 | B9: 4 | G9: 1 | H9: =H8+B9+F9-(C9+D9+G9)-E9 -> 6
A10: 4 | B10: 2 | C10: 1 | D10: 1 | G10: 1 | H10: =H9+B10+F10-(C10+D10+G10)-E10 -> 5
A11: 5 | H11: =H10+B11+F11-(C11+D11+G11)-E11 -> 5
A12: 6 | B12: 2 | C12: 2 | G12: 1 | H12: =H11+B12+F12-(C12+D12+G12)-E12 -> 4
A13: 7 | G13: 1 | H13: =H12+B13+F13-(C13+D13+G13)-E13 -> 3
A14: 8 | B14: 4 | C14: 2 | G14: 1 | H14: =H13+B14+F14-(C14+D14+G14)-E14 -> 4
A15: 9 | B15: 2 | G15: 1 | H15: =H14+B15+F15-(C15+D15+G15)-E15 -> 5
A16: 10 | B16: 1 | D16: 1 | G16: 1 | H16: =H15+B16+F16-(C16+D16+G16)-E16 -> 4
A17: 11 | B17: 3 | E17: 1 | G17: 1 | H17: =H16+B17+F17-(C17+D17+G17)-E17 -> 5
A18: 12 | B18: 1 | G18: 2 | H18: =H17+B18+F18-(C18+D18+G18)-E18 -> 4
A19: 13 | B19: 1 | C19: 1 | D19: 1 | G19: 1 | H19: =H18+B19+F19-(C19+D19+G19)-E19 -> 2
A20: 14 | G20: 1 | H20: =H19+B20+F20-(C20+D20+G20)-E20 -> 1
A21: 15 | B21: 1 | C21: 1 | H21: =H20+B21+F21-(C21+D21+G21)-E21 -> 1
A22: 16 | B22: 4 | G22: 1 | H22: =H21+B22+F22-(C22+D22+G22)-E22 -> 4
A23: 17 | B23: 3 | C23: 1 | G23: 1 | H23: =H22+B23+F23-(C23+D23+G23)-E23 -> 5
A24: 18 | B24: 2 | C24: 1 | H24: =H23+B24+F24-(C24+D24+G24)-E24 -> 6
A25: 19 | B25: 6 | C25: 2 | D25: 1 | E25: 3 | G25: 1 | H25: =H24+B25+F25-(C25+D25+G25)-E25 -> 5
A26: 20 | B26: 3 | C26: 1 | G26: 3 | H26: =H25+B26+F26-(C26+D26+G26)-E26 -> 4
A27: 21 | B27: 1 | C27: 2 | E27: 1 | G27: 1 | H27: =H26+B27+F27-(C27+D27+G27)-E27 -> 1
A28: 22 | B28: 5 | C28: 1 | H28: =H27+B28+F28-(C28+D28+G28)-E28 -> 5
A29: 23 | B29: 3 | H29: =H28+B29+F29-(C29+D29+G29)-E29 -> 8
A30: 24 | B30: 2 | C30: 2 | G30: 1 | H30: =H29+B30+F30-(C30+D30+G30)-E30 -> 7
A31: 25 | B31: 1 | C31: 6 | E31: 1 | H31: =H30+B31+F31-(C31+D31+G31)-E31 -> 1
A32: 26 | G32: 1 | H32: =H31+B32+F32-(C32+D32+G32)-E32 -> 0
A33: 27 | B33: 5 | E33: 1 | H33: =H32+B33+F33-(C33+D33+G33)-E33 -> 4
A34: 28 | B34: 5 | H34: =H33+B34+F34-(C34+D34+G34)-E34 -> 9
A35: 29 | B35: 1 | C35: 2 | D35: 1 | G35: 1 | H35: =H34+B35+F35-(C35+D35+G35)-E35 -> 6
A36: 30 | B36: 1 | C36: 3 | G36: 2 | H36: =H35+B36+F36-(C36+D36+G36)-E36 -> 2
A37: 31 | B37: 1 | C37: 1 | G37: 1 | H37: =H36+B37+F37-(C37+D37+G37)-E37 -> 1
A38: TOTAL | B38: =SUM(B7:B37)-E38 -> 63 | C38: =SUM(C7:C37) -> 31 | D38: =SUM(D7:D37) -> 6 | E38: =SUM(E7:E37) -> 7 | F38: =SUM(F7:F37) -> 0 | G38: =SUM(G7:G37) -> 27 | H38: =SUM(H7:H37) -> 123
A41: GHANA HEALTH SERVICE
A42: DAILY BED UTILIZATION FORM
A43: Hospital | B43: HOHOE MUNI HOSP | D43: Ward | E43: MALE EMERGENCY | G43: MONTH | H43: FEBRUARY
A44: Number of patients remaining as at last day of previous month | H44: =H37 -> 1
A45: Bed complement | H45: 10
A46: Day of the Month | B46: Admissions | C46: Discharges | D46: Deaths | E46: Deaths <24Hrs | F46: Transfers-In | G46: Transfers-Out | H46: No. of Patients Remaning In Ward
A47: 1 | B47: 2 | C47: 1 | G47: 1 | H47: =H44+B47+F47-(C47+D47+G47)-E47 -> 1
A48: 2 | B48: 2 | D48: 1 | E48: 1 | H48: =H47+B48+F48-(C48+D48+G48)-E48 -> 1
A49: 3 | B49: 1 | G49: 2 | H49: =H48+B49+F49-(C49+D49+G49)-E49 -> 0
A50: 4 | B50: 7 | G50: 2 | H50: =H49+B50+F50-(C50+D50+G50)-E50 -> 5
A51: 5 | B51: 3 | D51: 1 | G51: 1 | H51: =H50+B51+F51-(C51+D51+G51)-E51 -> 6
A52: 6 | B52: 1 | C52: 1 | D52: 1 | G52: 1 | H52: =H51+B52+F52-(C52+D52+G52)-E52 -> 4
A53: 7 | B53: 3 | C53: 1 | G53: 4 | H53: =H52+B53+F53-(C53+D53+G53)-E53 -> 2
A54: 8 | B54: 4 | G54: 1 | H54: =H53+B54+F54-(C54+D54+G54)-E54 -> 5
A55: 9 | B55: 1 | C55: 2 | G55: 2 | H55: =H54+B55+F55-(C55+D55+G55)-E55 -> 2
A56: 10 | B56: 3 | G56: 2 | H56: =H55+B56+F56-(C56+D56+G56)-E56 -> 3
A57: 11 | B57: 5 | H57: =H56+B57+F57-(C57+D57+G57)-E57 -> 8
A58: 12 | B58: 1 | H58: =H57+B58+F58-(C58+D58+G58)-E58 -> 9
A59: 13 | B59: 3 | C59: 2 | G59: 4 | H59: =H58+B59+F59-(C59+D59+G59)-E59 -> 6
A60: 14 | B60: 4 | C60: 2 | G60: 1 | H60: =H59+B60+F60-(C60+D60+G60)-E60 -> 7
A61: 15 | E61: 1 | H61: =H60+B61+F61-(C61+D61+G61)-E61 -> 6
A62: 16 | B62: 2 | C62: 1 | D62: 1 | G62: 2 | H62: =H61+B62+F62-(C62+D62+G62)-E62 -> 4
A63: 17 | B63: 3 | C63: 6 | H63: =H62+B63+F63-(C63+D63+G63)-E63 -> 1
A64: 18 | B64: 6 | G64: 2 | H64: =H63+B64+F64-(C64+D64+G64)-E64 -> 5
A65: 19 | B65: 4 | D65: 1 | E65: 1 | G65: 3 | H65: =H64+B65+F65-(C65+D65+G65)-E65 -> 4
A66: 20 | B66: 1 | C66: 1 | G66: 1 | H66: =H65+B66+F66-(C66+D66+G66)-E66 -> 3
A67: 21 | B67: 2 | G67: 3 | H67: =H66+B67+F67-(C67+D67+G67)-E67 -> 2
A68: 22 | B68: 5 | C68: 1 | E68: 1 | G68: 2 | H68: =H67+B68+F68-(C68+D68+G68)-E68 -> 3
A69: 23 | B69: 4 | G69: 2 | H69: =H68+B69+F69-(C69+D69+G69)-E69 -> 5
A70: 24 | G70: 3 | H70: =H69+B70+F70-(C70+D70+G70)-E70 -> 2
A71: 25 | B71: 6 | H71: =H70+B71+F71-(C71+D71+G71)-E71 -> 8
A72: 26 | B72: 1 | C72: 1 | G72: 1 | H72: =H71+B72+F72-(C72+D72+G72)-E72 -> 7
A73: 27 | B73: 5 | C73: 1 | E73: 1 | G73: 1 | H73: =H72+B73+F73-(C73+D73+G73)-E73 -> 9
A74: 28 | C74: 3 | G74: 1 | H74: =H73+B74+F74-(C74+D74+G74)-E74 -> 5
A75: 29 | H75: =H74+B75+F75-(C75+D75+G75)-E75 -> 5
A76: TOTAL | B76: =SUM(B47:B75)-E76 -> 74 | C76: =SUM(C47:C75) -> 23 | D76: =SUM(D47:D75) -> 5 | E76: =SUM(E47:E75) -> 5 | F76: =SUM(F47:F75) -> 0 | G76: =SUM(G47:G75) -> 42 | H76: =SUM(H47:H75) -> 128
A79: GHANA HEALTH SERVICE
A80: DAILY BED UTILIZATION FORM
A81: Hospital | B81: HOHOE MUNI HOSP | D81: Ward | E81: MALE EMERGENCY | G81: MONTH | H81: MARCH
A82: Number of patients remaining as at last day of previous month | H82: =H75 -> 5
A83: Bed complement | H83: 10
A84: Day of the Month | B84: Admissions | C84: Discharges | D84: Deaths | E84: Deaths <24Hrs | F84: Transfers-In | G84: Transfers-Out | H84: No. of Patients Remaning In Ward
A85: 1 | B85: 2 | D85: 1 | G85: 1 | H85: =H82+B85+F85-(C85+D85+G85)-E85 -> 5
A86: 2 | B86: 1 | G86: 2 | H86: =H85+B86+F86-(C86+D86+G86)-E86 -> 4
A87: 3 | B87: 2 | C87: 1 | G87: 1 | H87: =H86+B87+F87-(C87+D87+G87)-E87 -> 4
A88: 4 | B88: 3 | E88: 1 | H88: =H87+B88+F88-(C88+D88+G88)-E88 -> 6
A89: 5 | B89: 2 | G89: 1 | H89: =H88+B89+F89-(C89+D89+G89)-E89 -> 7
A90: 6 | B90: 3 | C90: 3 | G90: 1 | H90: =H89+B90+F90-(C90+D90+G90)-E90 -> 6
A91: 7 | B91: 3 | G91: 1 | H91: =H90+B91+F91-(C91+D91+G91)-E91 -> 8
A92: 8 | B92: 2 | D92: 1 | G92: 3 | H92: =H91+B92+F92-(C92+D92+G92)-E92 -> 6
A93: 9 | C93: 2 | G93: 2 | H93: =H92+B93+F93-(C93+D93+G93)-E93 -> 2
A94: 10 | B94: 4 | G94: 1 | H94: =H93+B94+F94-(C94+D94+G94)-E94 -> 5
A95: 11 | B95: 2 | C95: 2 | H95: =H94+B95+F95-(C95+D95+G95)-E95 -> 5
A96: 12 | B96: 4 | G96: 2 | H96: =H95+B96+F96-(C96+D96+G96)-E96 -> 7
A97: 13 | B97: 2 | C97: 2 | G97: 2 | H97: =H96+B97+F97-(C97+D97+G97)-E97 -> 5
A98: 14 | B98: 3 | C98: 2 | G98: 1 | H98: =H97+B98+F98-(C98+D98+G98)-E98 -> 5
A99: 15 | B99: 1 | C99: 1 | G99: 3 | H99: =H98+B99+F99-(C99+D99+G99)-E99 -> 2
A100: 16 | B100: 2 | H100: =H99+B100+F100-(C100+D100+G100)-E100 -> 4
A101: 17 | B101: 1 | C101: 1 | G101: 1 | H101: =H100+B101+F101-(C101+D101+G101)-E101 -> 3
A102: 18 | B102: 4 | G102: 4 | H102: =H101+B102+F102-(C102+D102+G102)-E102 -> 3
A103: 19 | B103: 1 | C103: 1 | G103: 1 | H103: =H102+B103+F103-(C103+D103+G103)-E103 -> 2
A104: 20 | H104: =H103+B104+F104-(C104+D104+G104)-E104 -> 2
...

Sheet Female Emergency
A1: GHANA HEALTH SERVICE
A2: DAILY BED UTILIZATION FORM
A3: Hospital | B3: HOHOE MUNI HOSP | D3: Ward | G3: MONTH | H3: JANUARY
A4: Number of patients remaining as at last day of previous month | H4: 4
A5: Bed complement | H5: 10
A6: Day of the Month | B6: Admissions | C6: Discharges | D6: Deaths | E6: Deaths <24Hrs | F6: Transfers-In | G6: Transfers-Out | H6: No. of Patients Remaning In Ward | I6: No. of Patients Remaning In Ward
A7: 1 | B7: 2 | C7: 1 | H7: =H4+B7+F7-(C7+D7+G7)-E7 -> 5 | I7: ='Male Emergency'!H7+H7 -> 8
A8: 2 | B8: 1 | G8: 3 | H8: =H7+B8+F8-(C8+D8+G8)-E8 -> 3 | I8: ='Male Emergency'!H8+H8 -> 6
A9: 3 | B9: 2 | C9: 1 | D9: 1 | G9: 1 | H9: =H8+B9+F9-(C9+D9+G9)-E9 -> 2 | I9: ='Male Emergency'!H9+H9 -> 8
A10: 4 | B10: 2 | G10: 2 | H10: =H9+B10+F10-(C10+D10+G10)-E10 -> 2 | I10: ='Male Emergency'!H10+H10 -> 7
A11: 5 | B11: 2 | H11: =H10+B11+F11-(C11+D11+G11)-E11 -> 4 | I11: ='Male Emergency'!H11+H11 -> 9
A12: 6 | B12: 1 | C12: 2 | H12: =H11+B12+F12-(C12+D12+G12)-E12 -> 3 | I12: ='Male Emergency'!H12+H12 -> 7
A13: 7 | G13: 2 | H13: =H12+B13+F13-(C13+D13+G13)-E13 -> 1 | I13: ='Male Emergency'!H13+H13 -> 4
A14: 8 | B14: 2 | H14: =H13+B14+F14-(C14+D14+G14)-E14 -> 3 | I14: ='Male Emergency'!H14+H14 -> 7
A15: 9 | B15: 2 | G15: 3 | H15: =H14+B15+F15-(C15+D15+G15)-E15 -> 2 | I15: ='Male Emergency'!H15+H15 -> 7
A16: 10 | B16: 1 | G16: 1 | H16: =H15+B16+F16-(C16+D16+G16)-E16 -> 2 | I16: ='Male Emergency'!H16+H16 -> 6
A17: 11 | H17: =H16+B17+F17-(C17+D17+G17)-E17 -> 2 | I17: ='Male Emergency'!H17+H17 -> 7
A18: 12 | B18: 3 | G18: 1 | H18: =H17+B18+F18-(C18+D18+G18)-E18 -> 4 | I18: ='Male Emergency'!H18+H18 -> 8
A19: 13 | B19: 1 | C19: 1 | G19: 2 | H19: =H18+B19+F19-(C19+D19+G19)-E19 -> 2 | I19: ='Male Emergency'!H19+H19 -> 4
A20: 14 | B20: 2 | H20: =H19+B20+F20-(C20+D20+G20)-E20 -> 4 | I20: ='Male Emergency'!H20+H20 -> 5
A21: 15 | B21: 5 | D21: 1 | G21: 2 | H21: =H20+B21+F21-(C21+D21+G21)-E21 -> 6 | I21: ='Male Emergency'!H21+H21 -> 7
A22: 16 | B22: 4 | C22: 2 | G22: 3 | H22: =H21+B22+F22-(C22+D22+G22)-E22 -> 5 | I22: ='Male Emergency'!H22+H22 -> 9
A23: 17 | B23: 1 | G23: 1 | H23: =H22+B23+F23-(C23+D23+G23)-E23 -> 5 | I23: ='Male Emergency'!H23+H23 -> 10
A24: 18 | D24: 1 | H24: =H23+B24+F24-(C24+D24+G24)-E24 -> 4 | I24: ='Male Emergency'!H24+H24 -> 10
A25: 19 | B25: 2 | G25: 2 | H25: =H24+B25+F25-(C25+D25+G25)-E25 -> 4 | I25: ='Male Emergency'!H25+H25 -> 9
A26: 20 | B26: 1 | G26: 2 | H26: =H25+B26+F26-(C26+D26+G26)-E26 -> 3 | I26: ='Male Emergency'!H26+H26 -> 7
A27: 21 | C27: 1 | G27: 1 | H27: =H26+B27+F27-(C27+D27+G27)-E27 -> 1 | I27: ='Male Emergency'!H27+H27 -> 2
A28: 22 | B28: 3 | G28: 2 | H28: =H27+B28+F28-(C28+D28+G28)-E28 -> 2 | I28: ='Male Emergency'!H28+H28 -> 7
A29: 23 | B29: 1 | H29: =H28+B29+F29-(C29+D29+G29)-E29 -> 3 | I29: ='Male Emergency'!H29+H29 -> 11
A30: 24 | B30: 1 | G30: 1 | H30: =H29+B30+F30-(C30+D30+G30)-E30 -> 3 | I30: ='Male Emergency'!H30+H30 -> 10
A31: 25 | H31: =H30+B31+F31-(C31+D31+G31)-E31 -> 3 | I31: ='Male Emergency'!H31+H31 -> 4
A32: 26 | B32: 2 | C32: 1 | H32: =H31+B32+F32-(C32+D32+G32)-E32 -> 4 | I32: ='Male Emergency'!H32+H32 -> 4
A33: 27 | B33: 1 | D33: 1 | G33: 1 | H33: =H32+B33+F33-(C33+D33+G33)-E33 -> 3 | I33: ='Male Emergency'!H33+H33 -> 7
A34: 28 | B34: 1 | G34: 2 | H34: =H33+B34+F34-(C34+D34+G34)-E34 -> 2 | I34: ='Male Emergency'!H34+H34 -> 11
A35: 29 | B35: 1 | G35: 1 | H35: =H34+B35+F35-(C35+D35+G35)-E35 -> 2 | I35: ='Male Emergency'!H35+H35 -> 8
A36: 30 | B36: 2 | H36: =H35+B36+F36-(C36+D36+G36)-E36 -> 4 | I36: ='Male Emergency'!H36+H36 -> 6
A37: 31 | E37: 1 | H37: =H36+B37+F37-(C37+D37+G37)-E37 -> 3 | I37: ='Male Emergency'!H37+H37 -> 4
A38: TOTAL | B38: =SUM(B7:B37)-E38 -> 45 | C38: =SUM(C7:C37) -> 9 | D38: =SUM(D7:D37) -> 4 | E38: =SUM(E7:E37) -> 1 | F38: =SUM(F7:F37) -> 0 | G38: =SUM(G7:G37) -> 33 | H38: =SUM(H7:H37) -> 96 | I38: ='Male Emergency'!H38+H38 -> 219
A41: GHANA HEALTH SERVICE
A42: DAILY BED UTILIZATION FORM
A43: Hospital | B43: HOHOE MUNI HOSP | D43: Ward | G43: MONTH | H43: FEBRUARY
A44: Number of patients remaining as at last day of previous month | H44: =H37 -> 3
A45: Bed complement | H45: 10
A46: Day of the Month | B46: Admissions | C46: Discharges | D46: Deaths | E46: Deaths <24Hrs | F46: Transfers-In | G46: Transfers-Out | H46: No. of Patients Remaning In Ward
A47: 1 | B47: 1 | H47: =H44+B47+F47-(C47+D47+G47)-E47 -> 4 | I47: ='Male Emergency'!H47+'Female Emergency'!H47 -> 5
A48: 2 | B48: 1 | G48: 2 | H48: =H47+B48+F48-(C48+D48+G48)-E48 -> 3 | I48: ='Male Emergency'!H48+'Female Emergency'!H48 -> 4
A49: 3 | B49: 3 | C49: 2 | H49: =H48+B49+F49-(C49+D49+G49)-E49 -> 4 | I49: ='Male Emergency'!H49+'Female Emergency'!H49 -> 4
A50: 4 | G50: 2 | H50: =H49+B50+F50-(C50+D50+G50)-E50 -> 2 | I50: ='Male Emergency'!H50+'Female Emergency'!H50 -> 7
A51: 5 | B51: 1 | G51: 1 | H51: =H50+B51+F51-(C51+D51+G51)-E51 -> 2 | I51: ='Male Emergency'!H51+'Female Emergency'!H51 -> 8
A52: 6 | B52: 2 | C52: 1 | H52: =H51+B52+F52-(C52+D52+G52)-E52 -> 3 | I52: ='Male Emergency'!H52+'Female Emergency'!H52 -> 7
A53: 7 | H53: =H52+B53+F53-(C53+D53+G53)-E53 -> 3 | I53: ='Male Emergency'!H53+'Female Emergency'!H53 -> 5
A54: 8 | B54: 1 | C54: 1 | G54: 1 | H54: =H53+B54+F54-(C54+D54+G54)-E54 -> 2 | I54: ='Male Emergency'!H54+'Female Emergency'!H54 -> 7
A55: 9 | B55: 3 | G55: 1 | H55: =H54+B55+F55-(C55+D55+G55)-E55 -> 4 | I55: ='Male Emergency'!H55+'Female Emergency'!H55 -> 6
A56: 10 | B56: 1 | G56: 2 | H56: =H55+B56+F56-(C56+D56+G56)-E56 -> 3 | I56: ='Male Emergency'!H56+'Female Emergency'!H56 -> 6
A57: 11 | B57: 1 | G57: 2 | H57: =H56+B57+F57-(C57+D57+G57)-E57 -> 2 | I57: ='Male Emergency'!H57+'Female Emergency'!H57 -> 10
A58: 12 | B58: 2 | G58: 2 | H58: =H57+B58+F58-(C58+D58+G58)-E58 -> 2 | I58: ='Male Emergency'!H58+'Female Emergency'!H58 -> 11
A59: 13 | B59: 3 | H59: =H58+B59+F59-(C59+D59+G59)-E59 -> 5 | I59: ='Male Emergency'!H59+'Female Emergency'!H59 -> 11
A60: 14 | C60: 1 | G60: 1 | H60: =H59+B60+F60-(C60+D60+G60)-E60 -> 3 | I60: ='Male Emergency'!H60+'Female Emergency'!H60 -> 10
A61: 15 | H61: =H60+B61+F61-(C61+D61+G61)-E61 -> 3 | I61: ='Male Emergency'!H61+'Female Emergency'!H61 -> 9
A62: 16 | H62: =H61+B62+F62-(C62+D62+G62)-E62 -> 3 | I62: ='Male Emergency'!H62+'Female Emergency'!H62 -> 7
A63: 17 | B63: 3 | H63: =H62+B63+F63-(C63+D63+G63)-E63 -> 6 | I63: ='Male Emergency'!H63+'Female Emergency'!H63 -> 7
A64: 18 | B64: 3 | G64: 2 | H64: =H63+B64+F64-(C64+D64+G64)-E64 -> 7 | I64: ='Male Emergency'!H64+'Female Emergency'!H64 -> 12
A65: 19 | D65: 2 | G65: 2 | H65: =H64+B65+F65-(C65+D65+G65)-E65 -> 3 | I65: ='Male Emergency'!H65+'Female Emergency'!H65 -> 7
A66: 20 | C66: 1 | H66: =H65+B66+F66-(C66+D66+G66)-E66 -> 2 | I66: ='Male Emergency'!H66+'Female Emergency'!H66 -> 5
A67: 21 | B67: 2 | G67: 1 | H67: =H66+B67+F67-(C67+D67+G67)-E67 -> 3 | I67: ='Male Emergency'!H67+'Female Emergency'!H67 -> 5
A68: 22 | B68: 1 | G68: 1 | H68: =H67+B68+F68-(C68+D68+G68)-E68 -> 3 | I68: ='Male Emergency'!H68+'Female Emergency'!H68 -> 6
A69: 23 | B69: 2 | E69: 1 | G69: 1 | H69: =H68+B69+F69-(C69+D69+G69)-E69 -> 3 | I69: ='Male Emergency'!H69+'Female Emergency'!H69 -> 8
A70: 24 | B70: 4 | G70: 3 | H70: =H69+B70+F70-(C70+D70+G70)-E70 -> 4 | I70: ='Male Emergency'!H70+'Female Emergency'!H70 -> 6
A71: 25 | B71: 4 | C71: 1 | G71: 2 | H71: =H70+B71+F71-(C71+D71+G71)-E71 -> 5 | I71: ='Male Emergency'!H71+'Female Emergency'!H71 -> 13
A72: 26 | B72: 1 | C72: 1 | D72: 2 | G72: 1 | H72: =H71+B72+F72-(C72+D72+G72)-E72 -> 2 | I72: ='Male Emergency'!H72+'Female Emergency'!H72 -> 9
A73: 27 | B73: 1 | C73: 1 | G73: 1 | H73: =H72+B73+F73-(C73+D73+G73)-E73 -> 1 | I73: ='Male Emergency'!H73+'Female Emergency'!H73 -> 10
A74: 28 | B74: 2 | G74: 1 | H74: =H73+B74+F74-(C74+D74+G74)-E74 -> 2 | I74: ='Male Emergency'!H74+'Female Emergency'!H74 -> 7
A75: 29 | H75: =H74+B75+F75-(C75+D75+G75)-E75 -> 2 | I75: ='Male Emergency'!H75+'Female Emergency'!H75 -> 7
A76: TOTAL | B76: =SUM(B47:B75)-E76 -> 41 | C76: =SUM(C47:C75) -> 9 | D76: =SUM(D47:D75) -> 4 | E76: =SUM(E47:E75) -> 1 | F76: =SUM(F47:F75) -> 0 | G76: =SUM(G47:G75) -> 29 | H76: =SUM(H47:H75) -> 91 | I76: ='Male Emergency'!H76+'Female Emergency'!H76 -> 219
A79: GHANA HEALTH SERVICE
A80: DAILY BED UTILIZATION FORM
A81: Hospital | B81: HOHOE MUNI HOSP | D81: Ward | G81: MONTH | H81: MARCH
A82: Number of patients remaining as at last day of previous month | H82: =H75 -> 2
A83: Bed complement | H83: 10
A84: Day of the Month | B84: Admissions | C84: Discharges | D84: Deaths | E84: Deaths <24Hrs | F84: Transfers-In | G84: Transfers-Out | H84: No. of Patients Remaning In Ward
A85: 1 | B85: 2 | C85: 2 | D85: 1 | G85: 1 | H85: =H82+B85+F85-(C85+D85+G85)-E85 -> 0 | I85: ='Male Emergency'!H85+'Female Emergency'!H85 -> 5
A86: 2 | B86: 1 | C86: 1 | G86: 1 | H86: =H85+B86+F86-(C86+D86+G86)-E86 -> -1 | I86: ='Male Emergency'!H86+'Female Emergency'!H86 -> 3
A87: 3 | B87: 2 | C87: 1 | H87: =H86+B87+F87-(C87+D87+G87)-E87 -> 0 | I87: ='Male Emergency'!H87+'Female Emergency'!H87 -> 4
A88: 4 | G88: 2 | H88: =H87+B88+F88-(C88+D88+G88)-E88 -> -2 | I88: ='Male Emergency'!H88+'Female Emergency'!H88 -> 4
A89: 5 | B89: 2 | H89: =H88+B89+F89-(C89+D89+G89)-E89 -> 0 | I89: ='Male Emergency'!H89+'Female Emergency'!H89 -> 7
A90: 6 | B90: 1 | G90: 1 | H90: =H89+B90+F90-(C90+D90+G90)-E90 -> 0 | I90: ='Male Emergency'!H90+'Female Emergency'!H90 -> 6
A91: 7 | B91: 3 | C91: 1 | H91: =H90+B91+F91-(C91+D91+G91)-E91 -> 2 | I91: ='Male Emergency'!H91+'Female Emergency'!H91 -> 10
A92: 8 | E92: 1 | G92: 2 | H92: =H91+B92+F92-(C92+D92+G92)-E92 -> -1 | I92: ='Male Emergency'!H92+'Female Emergency'!H92 -> 5
A93: 9 | B93: 3 | C93: 1 | H93: =H92+B93+F93-(C93+D93+G93)-E93 -> 1 | I93: ='Male Emergency'!H93+'Female Emergency'!H93 -> 3
A94: 10 | B94: 2 | C94: 1 | H94: =H93+B94+F94-(C94+D94+G94)-E94 -> 2 | I94: ='Male Emergency'!H94+'Female Emergency'!H94 -> 7
A95: 11 | B95: 3 | G95: 2 | H95: =H94+B95+F95-(C95+D95+G95)-E95 -> 3 | I95: ='Male Emergency'!H95+'Female Emergency'!H95 -> 8
A96: 12 | B96: 1 | C96: 2 | G96: 2 | H96: =H95+B96+F96-(C96+D96+G96)-E96 -> 0 | I96: ='Male Emergency'!H96+'Female Emergency'!H96 -> 7
A97: 13 | B97: 1 | G97: 2 | H97: =H96+B97+F97-(C97+D97+G97)-E97 -> -1 | I97: ='Male Emergency'!H97+'Female Emergency'!H97 -> 4
A98: 14 | B98: 2 | E98: 1 | H98: =H97+B98+F98-(C98+D98+G98)-E98 -> 0 | I98: ='Male Emergency'!H98+'Female Emergency'!H98 -> 5
A99: 15 | B99: 6 | C99: 1 | G99: 4 | H99: =H98+B99+F99-(C99+D99+G99)-E99 -> 1 | I99: ='Male Emergency'!H99+'Female Emergency'!H99 -> 3
A100: 16 | B100: 2 | C100: 1 | G100: 1 | H100: =H99+B100+F100-(C100+D100+G100)-E100 -> 1 | I100: ='Male Emergency'!H100+'Female Emergency'!H100 -> 5
A101: 17 | B101: 1 | G101: 1 | H101: =H100+B101+F101-(C101+D101+G101)-E101 -> 1 | I101: ='Male Emergency'!H101+'Female Emergency'!H101 -> 4
A102: 18 | B102: 6 | C102: 1 | G102: 1 | H102: =H101+B102+F102-(C102+D102+G102)-E102 -> 5 | I102: ='Male Emergency'!H102+'Female Emergency'!H102 -> 8
A103: 19 | B103: 4 | G103: 3 | H103: =H102+B103+F103-(C103+D103+G103)-E103 -> 6 | I103: ='Male Emergency'!H103+'Female Emergency'!H103 -> 8
A104: 20 | B104: 2 | H104: =H103+B104+F104-(C104+D104+G104)-E104 -> 8 | I104: ='Male Emergency'!H104+'Female Emergency'!H104 -> 10
...

Sheet AGE_VT
F1: 44166
A2: AGE | B2: SEX | C2: WARD | F2: AGE | G2: SEX | H2: WARD
A3: 19 | B3: M | C3: M/W | F3: 49 | G3: M | H3: M/W
A4: 49 | B4: M | C4: M/W | F4: 60 | G4: M | H4: M/W
A5: 52 | B5: M | C5: M/W | F5: 67 | G5: M | H5: M/W
A6: 84 | B6: M | C6: M/W | F6: 26 | G6: M | H6: M/W
A7: 42 | B7: M | C7: M/W | F7: 55 | G7: M | H7: M/W
A8: 66 | B8: M | C8: M/W | F8: 38 | G8: M | H8: M/W
A9: 62 | B9: M | C9: M/W | F9: 25 | G9: M | H9: M/W
A10: 30 | B10: M | C10: M/W | F10: 62 | G10: M | H10: M/W
A11: 37 | B11: M | C11: M/W | F11: 64 | G11: M | H11: M/W
A12: 22 | B12: M | C12: M/W | F12: 57 | G12: M | H12: M/W
A13: 39 | B13: M | C13: M/W | F13: 70 | G13: M | H13: M/W
A14: 17 | B14: M | C14: M/W | F14: 24 | G14: M | H14: M/W
... A90: 22 | B90: F | C90: F/W | F90: 65 | G90: M | H90: M/W
A91: 56 | B91: F | C91: F/W | F91: 23 | G91: F | H91: F/W | L91: 31 | M91: 30
A92: 30 | B92: F | C92: F/W | F92: 62 | G92: F | H92: F/W | L92: 8 | M92: 4
A93: 20 | B93: F | C93: F/W | F93: 67 | G93: F | H93: F/W | L93: 31 | M93: 28
A94: 42 | B94: F | C94: F/W | F94: 24 | G94: F | H94: F/W | L94: 17 | M94: 15
A95: 55 | B95: F | C95: F/W | F95: 56 | G95: F | H95: F/W | L95: 14 | M95: 19
A96: 46 | B96: F | C96: F/W | F96: 79 | G96: F | H96: F/W | L96: 17 | M96: 7
A97: 20 | B97: F | C97: F/W | F97: 84 | G97: F | H97: F/W | L97: 35 | M97: 8
A98: 80 | B98: F | C98: F/W | F98: 67 | G98: F | H98: F/W | L98: 233 | M98: 56
A99: 74 | B99: F | C99: F/W | F99: 68 | G99: F | H99: F/W | L99: 76 | M99: 46
A100: 24 | B100: F | C100: F/W | F100: 18 | G100: F | H100: F/W | L100: 23 | M100: 25
A101: 56 | B101: F | C101: F/W | F101: 77 | G101: F | H101: F/W | L101: 26 | M101: 31
A102: 25 | B102: F | C102: F/W | F102: 84 | G102: F | H102: F/W | L102: 27 | M102: 22
A103: 17 | B103: F | C103: F/W | F103: 47 | G103: F | H103: F/W | L103: =SUBTOTAL(9,L91:L102) -> 538 | M103: =SUBTOTAL(9,M91:M102) -> 291
A104: 48 | B104: F | C104: F/W | F104: 53 | G104: F | H104: F/W
A105: 16 | B105: F | C105: F/W | F105: 34 | G105: F | H105: F/W
A106: 84 | B106: F | C106: F/W | F106: 68 | G106: F | H106: F/W
A107: 92 | B107: F | C107: F/W | F107: 18 | G107: F | H107: F/W
A108: 62 | B108: F | C108: F/W | F108: 88 | G108: F | H108: F/W
A109: 23 | B109: F | C109: F/W | F109: 53 | G109: F | H109: F/W
A110: 41 | B110: F | C110: F/W | F110: 18 | G110: F | H110: F/W
A111: 22 | B111: F | C111: F/W | F111: 47 | G111: F | H111: F/W
A112: 70 | B112: F | C112: F/W | F112: 22 | G112: F | H112: F/W
A113: 56 | B113: F | C113: F/W | F113: 38 | G113: F | H113: F/W
A114: 49 | B114: F | C114: F/W | F114: 47 | G114: F | H114: F/W
A115: 79 | B115: F | C115: F/W | F115: 17 | G115: F | H115: F/W
... A195: 31 | B195: F | C195: F/W | F195: 3 | G195: M | H195: C/W
A196: 38 | B196: F | C196: F/W | F196: 5MTHS | G196: M | H196: C/W
A197: 35 | B197: F | C197: F/W | F197: 4 | G197: M | H197: C/W
A198: 20 | B198: F | C198: F/W | F198: 3 | G198: F | H198: C/W
A199: 30 | B199: F | C199: F/W | F199: 10 | G199: M | H199: C/W
A200: 48 | B200: F | C200: F/W | F200: 2 | G200: F | H200: C/W
A201: 6 | B201: F | C201: C/W | F201: 1 | G201: M | H201: C/W
A202: 3 | B202: F | C202: C/W | F202: 5 | G202: F | H202: C/W
A203: 9 | B203: F | C203: C/W | F203: 9 | G203: M | H203: C/W
A204: 2 | B204: M | C204: C/W | F204: 6 | G204: M | H204: C/W
A205: 6 | B205: F | C205: C/W | F205: 10 | G205: M | H205: C/W
A206: 12 | B206: M | C206: C/W | F206: 5 | G206: M | H206: C/W
A207: 6 | B207: F | C207: C/W | F207: 10 | G207: M | H207: C/W
A208: 3 | B208: F | C208: C/W | F208: 5 | G208: F | H208: C/W
A209: 8MTHS | B209: M | C209: C/W | F209: 2 | G209: M | H209: C/W
A210: 5 | B210: M | C210: C/W | F210: 1 | G210: M | H210: C/W
A211: 2 | B211: M | C211: C/W | F211: 5 | G211: F | H211: C/W
A212: 5 | B212: M | C212: C/W | F212: 2 | G212: F | H212: C/W
A213: 2 | B213: M | C213: C/W | F213: 2MTH | G213: F | H213: C/W
A214: 9 | B214: M | C214: C/W | F214: 6 | G214: F | H214: C/W
A215: 11 | B215: M | C215: C/W | F215: 7 | G215: F | H215: C/W
A216: 4 | B216: M | C216: C/W | F216: 10 | G216: F | H216: C/W
A217: 1 | B217: M | C217: C/W | F217: 2 | G217: F | H217: C/W
A218: 1 | B218: M | C218: C/W | F218: 1 | G218: F | H218: C/W
A219: 1 | B219: M | C219: C/W | F219: 10 | G219: M | H219: C/W
A220: 9 | B220: M | C220: C/W | F220: 3 | G220: F | H220: C/W
A221: 13 | B221: M | C221: C/W | F221: 3 | G221: M | H221: C/W
A222: 6 | B222: F | C222: C/W | F222: 10 | G222: M | H222: C/W
A223: 11MTHS | B223: M | C223: C/W | F223: 5 | G223: M | H223: C/W
A224: 3 | B224: F | C224: C/W | F224: 3 | G224: M | H224: C/W
A225: 10 | B225: F | C225: C/W | F225: 5 | G225: F | H225: C/W
A226: 1 | B226: M | C226: C/W | F226: 3 | G226: F | H226: C/W
A227: 4 | B227: M | C227: C/W | F227: 5 | G227: M | H227: C/W
A228: 5 | B228: M | C228: C/W | F228: 2 | G228: M | H228: C/W
A229: 4 | B229: M | C229: C/W | F229: 12 | G229: F | H229: C/W
A230: 4 | B230: F | C230: C/W | F230: 7 | G230: M | H230: C/W
A231: 1 | B231: M | C231: C/W | F231: 11 | G231: F | H231: C/W
A232: 5 | B232: F | C232: C/W | F232: 9 | G232: M | H232: C/W
A233: 1 | B233: F | C233: C/W | F233: 9MTH | G233: F | H233: C/W
A234: 6 | B234: F | C234: C/W | F234: 8MTH | G234: M | H234: C/W
A235: 2MTHS | B235: M | C235: C/W | F235: 1 | G235: F | H235: C/W
A236: 1 | B236: F | C236: C/W | F236: 5 | G236: M | H236: C/W
A237: 10 | B237: M | C237: C/W | F237: 6 | G237: F | H237: C/W
A238: 3 | B238: M | C238: C/W | F238: 2 | G238: M | H238: C/W
A239: 9 | B239: M | C239: C/W | F239: 1 | G239: M | H239: C/W
A240: 11 | B240: F | C240: C/W | F240: 9 | G240: F | H240: C/W
A241: 2 | B241: F | C241: C/W | F241: 3 | G241: M | H241: C/W
A242: 9 | B242: M | C242: C/W | F242: 1 | G242: F | H242: C/W
A243: 2 | B243: M | C243: C/W | F243: 10 | G243: M | H243: C/W
A244: 2 | B244: F | C244: C/W | F244: 5 | G244: F | H244: C/W
A245: 1 | B245: F | C245: C/W | F245: 10 | G245: M | H245: C/W
A246: 7 | B246: M | C246: C/W | F246: 2 | G246: F | H246: C/W
A247: 11 | B247: F | C247: C/W | F247: 2 | G247: F | H247: C/W
A248: 12 | B248: M | C248: C/W | F248: 10MTH | G248: M | H248: C/W
A249: 7 | B249: F | C249: C/W | F249: 6 | G249: M | H249: C/W
A250: 10 | B250: M | C250: C/W | F250: 2 | G250: F | H250: C/W
A251: 4 | B251: M | C251: C/W | F251: 3 | G251: M | H251: C/W
A252: 7 | B252: M | C252: C/W | F252: 10 | G252: F | H252: C/W
A253: 5 | B253: F | C253: C/W | F253: 2 | G253: F | H253: C/W
A254: 9 | B254: M | C254: C/W | F254: 2 | G254: M | H254: C/W
...

Sheet Ages
A1: 2025 | B1: JAN | E1: 2025 | F1: FEB | I1: 2025 | J1: MARCH | M1: 2025 | N1: APRIL | Q1: 2025 | R1: MAY | U1: 2025 | V1: JUNE | Y1: 2025 JULY | AC1: 2025 | AD1: AUGUST | AG1: 2025 | AH1: SEPTEMBER | AK1: 2025 | AL1: OCTOBER | AO1: 45962 | AS1: 45992
A2: Age | B2: Sex | C2: ward | E2: Age | F2: Sex | G2: Ward | I2: Age | J2: Sex | K2: Ward | M2: Age | N2: Sex | O2: Ward | Q2: Age | R2: Sex | S2: Ward | U2: Age | V2: Sex | W2: Ward | Y2: AGE | Z2: SEX | AA2: WARD | AC2: AGE | AD2: SEX | AE2: WARD | AG2: AGE | AH2: SEX | AI2: WARD | AK2: Age | AL2: Sex | AM2: Ward | AO2: Age | AP2: Sex | AQ2: Ward | AS2: Age | AT2: Sex | AU2: Ward
A3: 2 | B3: M | C3: A/E | E3: 9 MTHS | F3: M | G3: C/W | I3: 50 | J3: F | K3: A/E | M3: 74 | N3: M | O3: M/W | Q3: 41 | R3: M | S3: M/W | U3: 36 | V3: M | W3: A/E | Y3: 13 | Z3: M | AA3: M/W | AC3: 18 | AD3: M | AE3: M/W | AG3: 72 | AH3: M | AI3: M/W | AK3: 67 | AL3: m | AM3: m/w | AO3: 18 | AP3: m | AQ3: M/W
A4: 2 | B4: M | C4: A/E | E4: 9 MTHS | F4: M | G4: C/W | I4: 3 | J4: M | K4: A/E | M4: 17 | N4: M | O4: M/W | Q4: 20 | R4: M | S4: M/W | U4: 7 | V4: F | W4: A/E | Y4: 50 | Z4: M | AA4: M/W | AC4: 74 | AD4: M | AE4: M/W | AG4: 16 | AH4: M | AI4: M/W | AK4: 61 | AL4: m | AM4: m/w | AO4: 22 | AP4: m | AQ4: M/W
A5: 3 | B5: M | C5: A/E | E5: 8 MTHS | F5: F | G5: C/W | I5: 23 | J5: M | K5: A/E | M5: 65 | N5: M | O5: M/W | Q5: 16 | R5: M | S5: M/W | U5: 64 | V5: F | W5: A/E | Y5: 62 | Z5: M | AA5: M/W | AC5: 20 | AD5: M | AE5: M/W | AG5: 16 | AH5: M | AI5: M/W | AK5: 83 | AL5: m | AM5: m/w | AO5: 18 | AP5: m | AQ5: M/W
A6: 15 | B6: F | C6: A/E | E6: 8 MTHS | F6: M | G6: C/W | I6: 17 | J6: F | K6: A/E | M6: 61 | N6: M | O6: M/W | Q6: 16 | R6: M | S6: M/W | U6: 29 | V6: M | W6: A/E | Y6: 40 | Z6: M | AA6: M/W | AC6: 30 | AD6: M | AE6: M/W | AG6: 37 | AH6: M | AI6: M/W | AK6: 74 | AL6: m | AM6: m/w | AO6: 48 | AP6: m | AQ6: M/W
A7: 19 | B7: F | C7: A/E | E7: 8 D | F7: M | G7: NICU | I7: 44 | J7: M | K7: A/E | M7: 57 | N7: M | O7: M/W | Q7: 49 | R7: M | S7: M/W | U7: 65 | V7: M | W7: A/E | Y7: 70 | Z7: M | AA7: M/W | AC7: 19 | AD7: M | AE7: M/W | AG7: 17 | AH7: M | AI7: M/W | AK7: 17 | AL7: m | AM7: m/w | AO7: 95 | AP7: m | AQ7: M/W
A8: 20 | B8: F | C8: A/E | E8: 8 D | F8: F | G8: NICU | I8: 69 | J8: F | K8: A/E | M8: 25 | N8: M | O8: M/W | Q8: 39 | R8: M | S8: M/W | U8: 10 | V8: F | W8: A/E | Y8: 17 | Z8: M | AA8: M/W | AC8: 18 | AD8: M | AE8: M/W | AG8: 50 | AH8: M | AI8: M/W | AK8: 70 | AL8: m | AM8: m/w | AO8: 62 | AP8: m | AQ8: M/W
A9: 3 | B9: M | C9: A/E | E9: 8 D | F9: F | G9: NICU | I9: 2 | J9: F | K9: A/E | M9: 73 | N9: M | O9: M/W | Q9: 18 | R9: M | S9: M/W | U9: 39 | V9: F | W9: A/E | Y9: 16 | Z9: M | AA9: M/W | AC9: 15 | AD9: M | AE9: M/W | AG9: 54 | AH9: M | AI9: M/W | AK9: 73 | AL9: m | AM9: m/w | AO9: 20 | AP9: m | AQ9: M/W
A10: 4 | B10: M | C10: A/E | E10: 7 D | F10: M | G10: NICU | I10: 23 | J10: M | K10: A/E | M10: 92 | N10: M | O10: M/W | Q10: 40 | R10: M | S10: M/W | U10: 65 | V10: M | W10: A/E | Y10: 48 | Z10: M | AA10: M/W | AC10: 19 | AD10: M | AE10: M/W | AG10: 34 | AH10: M | AI10: M/W | AK10: 62 | AL10: m | AM10: m/w | AO10: 56 | AP10: m | AQ10: M/W
A11: 7 | B11: M | C11: A/E | E11: 7 D | F11: M | G11: NICU | I11: 42 | J11: F | K11: A/E | M11: 30 | N11: M | O11: M/W | Q11: 30 | R11: M | S11: M/W | U11: 61 | V11: F | W11: A/E | Y11: 83 | Z11: M | AA11: M/W | AC11: 74 | AD11: M | AE11: M/W | AG11: 33 | AH11: M | AI11: M/W | AK11: 40 | AL11: m | AM11: m/w | AO11: 54 | AP11: m | AQ11: M/W
A12: 13 | B12: M | C12: A/E | E12: 7 D | F12: M | G12: NICU | I12: 19 | J12: M | K12: A/E | M12: 58 | N12: M | O12: M/W | Q12: 62 | R12: M | S12: M/W | U12: 41 | V12: M | W12: A/E | Y12: 49 | Z12: M | AA12: M/W | AC12: 24 | AD12: M | AE12: M/W | AG12: 13 | AH12: M | AI12: M/W | AK12: 23 | AL12: m | AM12: m/w | AO12: 49 | AP12: m | AQ12: M/W
A13: 21 | B13: F | C13: A/E | E13: 6 MTHS | F13: M | G13: C/W | I13: 56 | J13: M | K13: A/E | M13: 77 | N13: M | O13: M/W | Q13: 37 | R13: M | S13: M/W | U13: 31 | V13: M | W13: A/E | Y13: 79 | Z13: M | AA13: M/W | AC13: 17 | AD13: M | AE13: M/W | AG13: 78 | AH13: M | AI13: M/W | AK13: 42 | AL13: m | AM13: m/w | AO13: 55 | AP13: m | AQ13: M/W
A14: 23 | B14: F | C14: A/E | E14: 6 MTHS | F14: M | G14: C/W | I14: 31 | J14: M | K14: A/E | M14: 74 | N14: M | O14: M/W | Q14: 62 | R14: M | S14: M/W | U14: 55 | V14: M | W14: A/E | Y14: 60 | Z14: M | AA14: M/W | AC14: 88 | AD14: M | AE14: M/W | AG14: 51 | AH14: M | AI14: M/W | AK14: 23 | AL14: m | AM14: m/w | AO14: 83 | AP14: m | AQ14: M/W
... A79: 65 | B79: F | C79: A/E | E79: 0 D | F79: M | G79: NICU | I79: 76 | J79: F | K79: A/E | M79: 26 | N79: F | O79: F/W | Q79: 70 | R79: F | S79: F/W | U79: 47 | V79: F | W79: BLK F | Y79: 33 | Z79: F | AA79: F/W | AC79: 67 | AD79: M | AE79: M/W | AG79: 12 | AH79: M | AI79: C/W | AK79: 31 | AL79: f | AM79: f/w | AO79: 21 | AP79: f | AQ79: F/W
A80: 66 | B80: F | C80: A/E | E80: 0 D | F80: F | G80: NICU | I80: 19 | J80: M | K80: A/E | M80: 21 | N80: F | O80: F/W | Q80: 50 | R80: F | S80: F/W | U80: 28 | V80: F | W80: BLK F | Y80: 51 | Z80: F | AA80: F/W | AC80: 71 | AD80: M | AE80: M/W | AG80: 7 MTH | AH80: M | AI80: C/W | AK80: 54 | AL80: f | AM80: f/w | AO80: 31 | AP80: f | AQ80: F/W
A81: 60 | B81: M | C81: A/E | E81: 0 D | F81: F | G81: NICU | I81: 18 | J81: F | K81: A/E | M81: 23 | N81: F | O81: F/W | Q81: 52 | R81: F | S81: F/W | U81: 27 | V81: F | W81: BLK F | Y81: 58 | Z81: F | AA81: F/W | AC81: 41 | AD81: M | AE81: M/W | AG81: 4 | AH81: M | AI81: C/W | AK81: 74 | AL81: f | AM81: f/w | AO81: 15 | AP81: f | AQ81: F/W
A82: 67 | B82: F | C82: A/E | E82: 0 D | F82: F | G82: NICU | I82: 59 | J82: F | K82: A/E | M82: 96 | N82: F | O82: F/W | Q82: 51 | R82: F | S82: F/W | U82: 40 | V82: F | W82: BLK F | Y82: 47 | Z82: F | AA82: F/W | AC82: 25 | AD82: M | AE82: M/W | AG82: 4 | AH82: F | AI82: C/W | AK82: 20 | AL82: f | AM82: f/w | AO82: 62 | AP82: f | AQ82: F/W
A83: 60 | B83: M | C83: A/E | E83: 0 D | F83: M | G83: NICU | I83: 69 | J83: M | K83: A/E | M83: 54 | N83: F | O83: F/W | Q83: 36 | R83: F | S83: F/W | U83: 30 | V83: F | W83: BLK F | Y83: 16 | Z83: F | AA83: F/W | AC83: 18 | AD83: M | AE83: M/W | AG83: 7 | AH83: M | AI83: C/W | AK83: 85 | AL83: f | AM83: f/w | AO83: 16 | AP83: f | AQ83: F/W
A84: 62 | B84: M | C84: A/E | E84: 98 | F84: M | G84: A/E | I84: 56 | J84: F | K84: A/E | M84: 25 | N84: F | O84: F/W | Q84: 72 | R84: F | S84: F/W | U84: 34 | V84: F | W84: BLK F | Y84: 86 | Z84: F | AA84: F/W | AC84: 61 | AD84: M | AE84: M/W | AG84: 10 MTH | AH84: M | AI84: C/W | AK84: 79 | AL84: f | AM84: f/w | AO84: 37 | AP84: f | AQ84: F/W
A85: 71 | B85: F | C85: A/E | E85: 92 | F85: M | G85: M/W | I85: 42 | J85: F | K85: A/E | M85: 5 | N85: F | O85: C/W | Q85: 51 | R85: F | S85: F/W | U85: 29 | V85: F | W85: BLK F | Y85: 62 | Z85: F | AA85: F/W | AC85: 13 | AD85: M | AE85: M/W | AG85: 6 | AH85: F | AI85: C/W | AK85: 13 | AL85: f | AM85: f/w | AO85: 22 | AP85: f | AQ85: F/W
A86: 63 | B86: M | C86: A/E | E86: 90 | F86: M | G86: A/E | I86: 61 | J86: F | K86: A/E | M86: 4 | N86: M | O86: C/W | Q86: 17 | R86: F | S86: F/W | U86: 34 | V86: F | W86: BLK F | Y86: 68 | Z86: F | AA86: F/W | AC86: 91 | AD86: M | AE86: M/W | AG86: 10 | AH86: F | AI86: C/W | AK86: 55 | AL86: f | AM86: f/w | AO86: 26 | AP86: f | AQ86: F/W
A87: 64 | B87: M | C87: A/E | E87: 89 | F87: M | G87: A/E | I87: 63 | J87: M | K87: A/E | M87: 1 | N87: F | O87: C/W | Q87: 50 | R87: F | S87: F/W | U87: 30 | V87: F | W87: BLK F | Y87: 43 | Z87: F | AA87: F/W | AC87: 56 | AD87: M | AE87: M/W | AG87: 2 | AH87: F | AI87: C/W | AK87: 81 | AL87: f | AM87: f/w | AO87: 49 | AP87: f | AQ87: F/W
A88: 65 | B88: M | C88: A/E | E88: 89 | F88: M | G88: M/W | I88: 57 | J88: F | K88: A/E | M88: 10 | N88: M | O88: C/W | Q88: 16 | R88: F | S88: F/W | U88: 33 | V88: F | W88: BLK F | Y88: 27 | Z88: F | AA88: F/W | AC88: 19 | AD88: M | AE88: M/W | AG88: 3 | AH88: F | AI88: C/W | AK88: 62 | AL88: f | AM88: f/w | AO88: 70 | AP88: f | AQ88: F/W
A89: 71 | B89: F | C89: A/E | E89: 88 | F89: M | G89: A/E | I89: 75 | J89: M | K89: A/E | M89: 5 | N89: M | O89: C/W | Q89: 41 | R89: F | S89: F/W | U89: 25 | V89: F | W89: BLK F | Y89: 88 | Z89: F | AA89: F/W | AC89: 19 | AD89: M | AE89: M/W | AG89: 5 | AH89: M | AI89: C/W | AK89: 25 | AL89: f | AM89: f/w | AO89: 54 | AP89: f | AQ89: F/W
A90: 65 | B90: M | C90: A/E | E90: 87 | F90: F | G90: F/W | I90: 28 | J90: F | K90: A/E | M90: 3 | N90: F | O90: C/W | Q90: 71 | R90: F | S90: F/W | U90: 42 | V90: F | W90: BLK F | Y90: 32 | Z90: F | AA90: F/W | AC90: 75 | AD90: M | AE90: M/W | AG90: 3 MTH | AH90: F | AI90: C/W | AK90: 15 | AL90: f | AM90: f/w | AO90: 54 | AP90: f | AQ90: F/W
A91: 65 | B91: M | C91: A/E | E91: 86 | F91: F | G91: A/E | I91: 83 | J91: F | K91: A/E | M91: 1 | N91: M | O91: C/W | Q91: 21 | R91: F | S91: F/W | U91: 23 | V91: F | W91: BLK F | Y91: 40 | Z91: F | AA91: F/W | AC91: 35 | AD91: M | AE91: M/W | AG91: 3 | AH91: M | AI91: C/W | AK91: 36 | AL91: f | AM91: f/w | AO91: 44 | AP91: f | AQ91: F/W
A92: 65 | B92: M | C92: A/E | E92: 85 | F92: F | G92: F/W | I92: 50 | J92: F | K92: A/E | M92: 4 | N92: F | O92: C/W | Q92: 80 | R92: F | S92: F/W | U92: 42 | V92: F | W92: BLK F | Y92: 26 | Z92: F | AA92: F/W | AC92: 81 | AD92: M | AE92: M/W | AG92: 3 MTH | AH92: M | AI92: C/W | AK92: 77 | AL92: f | AM92: f/w | AO92: 47 | AP92: f | AQ92: F/W
A93: 71 | B93: F | C93: A/E | E93: 84 | F93: F | G93: F/W | I93: 75 | J93: F | K93: A/E | M93: 5 | N93: M | O93: C/W | Q93: 36 | R93: F | S93: F/W | U93: 41 | V93: F | W93: BLK F | Y93: 18 | Z93: F | AA93: F/W | AC93: 32 | AD93: M | AE93: M/W | AG93: 5 | AH93: M | AI93: C/W | AK93: 42 | AL93: f | AM93: f/w | AO93: 71 | AP93: f | AQ93: F/W
A94: 78 | B94: F | C94: A/E | E94: 80 | F94: F | G94: A/E | I94: 30 | J94: F | K94: A/E | M94: 9 MTHS | N94: M | O94: C/W | Q94: 63 | R94: F | S94: F/W | U94: 22 | V94: F | W94: BLK F | Y94: 45 | Z94: F | AA94: F/W | AC94: 17 | AD94: M | AE94: M/W | AG94: 7 | AH94: M | AI94: C/W | AK94: 18 | AL94: f | AM94: f/w | AO94: 65 | AP94: f | AQ94: F/W
A95: 65 | B95: M | C95: A/E | E95: 79 | F95: F | G95: A/E | I95: 26 | J95: F | K95: A/E | M95: 1 | N95: M | O95: C/W | Q95: 56 | R95: F | S95: F/W | U95: 46 | V95: F | W95: BLK F | Y95: 47 | Z95: F | AA95: F/W | AC95: 32 | AD95: M | AE95: M/W | AG95: 4 | AH95: F | AI95: C/W | AK95: 48 | AL95: f | AM95: f/w | AO95: 53 | AP95: f | AQ95: F/W
A96: 79 | B96: F | C96: A/E | E96: 79 | F96: F | G96: A/E | I96: 79 | J96: M | K96: A/E | M96: 1 | N96: M | O96: C/W | Q96: 54 | R96: F | S96: F/W | U96: 22 | V96: F | W96: BLK F | Y96: 58 | Z96: F | AA96: F/W | AC96: 14 | AD96: M | AE96: M/W | AG96: 12 | AH96: F | AI96: C/W | AK96: 38 | AL96: f | AM96: f/w | AO96: 31 | AP96: f | AQ96: F/W
A97: 67 | B97: M | C97: A/E | E97: 78 | F97: M | G97: A/E | I97: 37 | J97: M | K97: A/E | M97: 1 | N97: F | O97: C/W | Q97: 51 | R97: F | S97: F/W | U97: 33 | V97: F | W97: BLK F | Y97: 52 | Z97: F | AA97: F/W | AC97: 34 | AD97: F | AE97: F/W | AG97: 2 | AH97: M | AI97: C/W | AK97: 18 | AL97: f | AM97: f/w | AO97: 17 | AP97: f | AQ97: F/W
A98: 68 | B98: M | C98: A/E | E98: 78 | F98: F | G98: F/W | I98: 1 | J98: F | K98: A/E | M98: 9 MTHS | N98: F | O98: C/W | Q98: 54 | R98: F | S98: F/W | U98: 15 | V98: F | W98: BLK F | Y98: 41 | Z98: F | AA98: F/W | AC98: 73 | AD98: F | AE98: F/W | AG98: 9 | AH98: M | AI98: C/W | AK98: 76 | AL98: f | AM98: f/w | AO98: 32 | AP98: f | AQ98: F/W
A99: 68 | B99: M | C99: A/E | E99: 77 | F99: M | G99: M/W | I99: 72 | J99: F | K99: A/E | M99: 4 | N99: F | O99: C/W | Q99: 16 | R99: F | S99: F/W | U99: 31 | V99: F | W99: BLK F | Y99: 45 | Z99: F | AA99: F/W | AC99: 69 | AD99: F | AE99: F/W | AG99: 3 MTH | AH99: F | AI99: C/W | AK99: 36 | AL99: f | AM99: f/w | AO99: 33 | AP99: f | AQ99: F/W
A100: 68 | B100: M | C100: A/E | E100: 77 | F100: F | G100: F/W | I100: 53 | J100: F | K100: A/E | M100: 2 | N100: M | O100: C/W | Q100: 58 | R100: F | S100: F/W | U100: 34 | V100: F | W100: BLK F | Y100: 63 | Z100: F | AA100: F/W | AC100: 61 | AD100: F | AE100: F/W | AG100: 5 MTH | AH100: F | AI100: C/W | AK100: 15 | AL100: f | AM100: f/w | AO100: 17 | AP100: f | AQ100: F/W
A101: 79 | B101: F | C101: A/E | E101: 76 | F101: F | G101: F/W | I101: 59 | J101: M | K101: A/E | M101: 1 | N101: F | O101: C/W | Q101: 15 | R101: F | S101: F/W | U101: 20 | V101: F | W101: BLK F | Y101: 21 | Z101: F | AA101: F/W | AC101: 20 | AD101: F | AE101: F/W | AG101: 5 | AH101: M | AI101: C/W | AK101: 56 | AL101: f | AM101: f/w | AO101: 41 | AP101: f | AQ101: F/W
A102: 69 | B102: M | C102: A/E | E102: 75 | F102: M | G102: A/E | I102: 61 | J102: F | K102: A/E | M102: 12 | N102: F | O102: C/W | Q102: 72 | R102: F | S102: F/W | U102: 25 | V102: F | W102: BLK F | Y102: 57 | Z102: F | AA102: F/W | AC102: 82 | AD102: F | AE102: F/W | AG102: 6 | AH102: M | AI102: C/W | AK102: 46 | AL102: f | AM102: f/w | AO102: 73 | AP102: f | AQ102: F/W
A103: 69 | B103: M | C103: A/E | E103: 75 | F103: M | G103: A/E | I103: 40 | J103: F | K103: A/E | M103: 1 MTHS | N103: M | O103: C/W | Q103: 65 | R103: F | S103: F/W | U103: 37 | V103: F | W103: BLK F | Y103: 63 | Z103: F | AA103: F/W | AC103: 15 | AD103: F | AE103: F/W | AG103: 8 | AH103: F | AI103: C/W | AK103: 22 | AL103: f | AM103: f/w | AO103: 25 | AP103: f | AQ103: F/W
A104: 74 | B104: M | C104: A/E | E104: 75 | F104: M | G104: M/W | I104: 64 | J104: F | K104: A/E | M104: 1 | N104: M | O104: C/W | Q104: 40 | R104: F | S104: F/W | U104: 24 | V104: F | W104: BLK F | Y104: 49 | Z104: F | AA104: F/W | AC104: 61 | AD104: F | AE104: F/W | AG104: 1 MTH | AH104: F | AI104: C/W | AK104: 66 | AL104: f | AM104: f/w | AO104: 54 | AP104: f | AQ104: F/W
A105: 78 | B105: M | C105: A/E | E105: 75 | F105: F | G105: F/W | I105: 60 | J105: M | K105: A/E | M105: 3 | N105: F | O105: C/W | Q105: 25 | R105: F | S105: F/W | U105: 33 | V105: F | W105: BLK F | Y105: 25 | Z105: F | AA105: F/W | AC105: 76 | AD105: F | AE105: F/W | AG105: 8 | AH105: M | AI105: C/W | AK105: 63 | AL105: f | AM105: f/w | AO105: 15 | AP105: f | AQ105: F/W
A106: 87 | B106: F | C106: A/E | E106: 75 | F106: F | G106: F/W | I106: 26 | J106: F | K106: A/E | M106: 1 | N106: M | O106: C/W | Q106: 23 | R106: F | S106: F/W | U106: 34 | V106: F | W106: BLK F | Y106: 20 | Z106: F | AA106: F/W | AC106: 55 | AD106: F | AE106: F/W | AG106: 3 | AH106: M | AI106: C/W | AK106: 40 | AL106: f | AM106: f/w | AO106: 16 | AP106: f | AQ106: F/W
A107: 78 | B107: M | C107: A/E | E107: 75 | F107: F | G107: F/W | I107: 32 | J107: M | K107: A/E | M107: 2 | N107: M | O107: C/W | Q107: 53 | R107: F | S107: F/W | U107: 31 | V107: F | W107: BLK F | Y107: 69 | Z107: F | AA107: F/W | AC107: 16 | AD107: F | AE107: F/W | AG107: 1 MTH | AH107: M | AI107: C/W | AK107: 19 | AL107: f | AM107: f/w | AO107: 83 | AP107: f | AQ107: F/W
A108: 89 | B108: F | C108: A/E | E108: 74 | F108: M | G108: A/E | I108: 27 | J108: M | K108: A/E | M108: 2 | N108: M | O108: C/W | Q108: 71 | R108: F | S108: F/W | U108: 34 | V108: F | W108: BLK F | Y108: 74 | Z108: F | AA108: F/W | AC108: 88 | AD108: F | AE108: F/W | AG108: 3 MTH | AH108: M | AI108: C/W | AK108: 67 | AL108: f | AM108: f/w | AO108: 66 | AP108: f | AQ108: F/W
A109: 1 MTH | B109: F | C109: A/E | E109: 74 | F109: F | G109: A/E | I109: 14 | J109: F | K109: A/E | M109: 3 | N109: M | O109: C/W | Q109: 22 | R109: F | S109: F/W | U109: 28 | V109: F | W109: BLK F | Y109: 63 | Z109: F | AA109: F/W | AC109: 50 | AD109: F | AE109: F/W | AG109: 9 | AH109: F | AI109: C/W | AK109: 16 | AL109: f | AM109: f/w | AO109: 44 | AP109: f | AQ109: F/W
A110: 78 | B110: M | C110: A/E | E110: 74 | F110: F | G110: A/E | I110: 31 | J110: F | K110: A/E | M110: 8 MTHS | N110: F | O110: C/W | Q110: 66 | R110: F | S110: F/W | U110: 51 | V110: F | W110: BLK F | Y110: 55 | Z110: F | AA110: F/W | AC110: 32 | AD110: F | AE110: F/W | AG110: 5 MTH | AH110: F | AI110: C/W | AK110: 47 | AL110: f | AM110: f/w | AO110: 16 | AP110: f | AQ110: F/W
A111: 22 | B111: F | C111: BLK F | E111: 74 | F111: M | G111: A/E | I111: 33 | J111: M | K111: A/E | M111: 2 | N111: M | O111: C/W | Q111: 29 | R111: F | S111: F/W | U111: 33 | V111: F | W111: BLK F | Y111: 60 | Z111: F | AA111: F/W | AC111: 81 | AD111: F | AE111: F/W | AG111: 4 | AH111: M | AI111: C/W | AK111: 60 | AL111: f | AM111: f/w | AO111: 47 | AP111: f | AQ111: F/W
A112: 43 | B112: F | C112: BLK F | E112: 74 | F112: M | G112: M/W | I112: 55 | J112: M | K112: A/E | M112: 1 | N112: F | O112: C/W | Q112: 22 | R112: F | S112: F/W | U112: 23 | V112: F | W112: BLK F | Y112: 32 | Z112: F | AA112: F/W | AC112: 89 | AD112: F | AE112: F/W | AG112: 10 | AH112: M | AI112: C/W | AK112: 56 | AL112: f | AM112: f/w | AO112: 29 | AP112: f | AQ112: F/W
A113: 32 | B113: F | C113: BLK F | E113: 73 | F113: M | G113: M/W | I113: 5 | J113: F | K113: A/E | M113: 7 MTHS | N113: M | O113: C/W | Q113: 40 | R113: F | S113: F/W | U113: 19 | V113: F | W113: BLK F | Y113: 68 | Z113: F | AA113: F/W | AC113: 20 | AD113: F | AE113: F/W | AG113: 9 | AH113: F | AI113: C/W | AK113: 38 | AL113: f | AM113: f/w | AO113: 57 | AP113: f | AQ113: F/W
A114: 28 | B114: F | C114: BLK F | E114: 73 | F114: M | G114: M/W | I114: 21 | J114: M | K114: A/E | M114: 3 | N114: F | O114: C/W | Q114: 18 | R114: F | S114: F/W | U114: 28 | V114: F | W114: BLK F | Y114: 44 | Z114: F | AA114: F/W | AC114: 25 | AD114: F | AE114: F/W | AG114: 7 | AH114: M | AI114: C/W | AK114: 85 | AL114: f | AM114: f/w | AO114: 20 | AP114: f | AQ114: F/W
A115: 17 | B115: F | C115: BLK F | E115: 73 | F115: F | G115: F/W | I115: 55 | J115: M | K115: A/E | M115: 3 MTHS | N115: F | O115: C/W | Q115: 75 | R115: F | S115: F/W | U115: 29 | V115: F | W115: BLK F | Y115: 23 | Z115: F | AA115: F/W | AC115: 61 | AD115: F | AE115: F/W | AG115: 9 | AH115: F | AI115: C/W | AK115: 44 | AL115: f | AM115: f/w | AO115: 18 | AP115: f | AQ115: F/W
A116: 49 | B116: F | C116: BLK F | E116: 72 | F116: M | G116: M/W | I116: 9 | J116: F | K116: A/E | M116: 9 | N116: F | O116: C/W | Q116: 86 | R116: F | S116: F/W | U116: 34 | V116: F | W116: BLK F | Y116: 25 | Z116: F | AA116: F/W | AC116: 20 | AD116: F | AE116: F/W | AG116: 4 | AH116: M | AI116: C/W | AK116: 21 | AL116: f | AM116: f/w | AO116: 65 | AP116: f | AQ116: F/W
A117: 18 | B117: F | C117: BLK F | E117: 72 | F117: F | G117: F/W | I117: 56 | J117: F | K117: A/E | M117: 8 | N117: M | O117: C/W | Q117: 45 | R117: F | S117: F/W | U117: 33 | V117: F | W117: BLK F | Y117: 47 | Z117: F | AA117: F/W | AC117: 21 | AD117: F | AE117: F/W | AG117: 36 | AH117: F | AI117: BLK F | AK117: 81 | AL117: f | AM117: f/w | AO117: 25 | AP117: f | AQ117: F/W
A118: 33 | B118: F | C118: BLK F | E118: 71 | F118: F | G118: A/E | I118: 39 | J118: M | K118: M/W | M118: 6 | N118: M | O118: C/W | Q118: 17 | R118: F | S118: F/W | U118: 32 | V118: F | W118: BLK F | Y118: 67 | Z118: F | AA118: F/W | AC118: 39 | AD118: F | AE118: F/W | AG118: 22 | AH118: F | AI118: BLK F | AK118: 48 | AL118: f | AM118: f/w | AO118: 29 | AP118: f | AQ118: F/W
A119: 39 | B119: F | C119: BLK F | E119: 71 | F119: F | G119: A/E | I119: 71 | J119: M | K119: M/W | M119: 6 | N119: M | O119: C/W | Q119: 52 | R119: F | S119: F/W | U119: 15 | V119: F | W119: BLK F | Y119: 32 | Z119: F | AA119: F/W | AC119: 37 | AD119: F | AE119: F/W | AG119: 24 | AH119: F | AI119: BLK F | AK119: 64 | AL119: f | AM119: f/w | AO119: 19 | AP119: f | AQ119: F/W
A120: 38 | B120: F | C120: BLK F | E120: 71 | F120: F | G120: A/E | I120: 22 | J120: M | K120: M/W | M120: 3 | N120: M | O120: C/W | Q120: 89 | R120: F | S120: F/W | U120: 34 | V120: F | W120: BLK F | Y120: 61 | Z120: F | AA120: F/W | AC120: 60 | AD120: F | AE120: F/W | AG120: 23 | AH120: F | AI120: BLK F | AK120: 33 | AL120: f | AM120: f/w | AO120: 33 | AP120: f | AQ120: F/W
A121: 31 | B121: F | C121: BLK F | E121: 71 | F121: M | G121: A/E | I121: 34 | J121: M | K121: M/W | M121: 6 MTHS | N121: F | O121: C/W | Q121: 66 | R121: F | S121: F/W | U121: 20 | V121: F | W121: BLK F | Y121: 40 | Z121: F | AA121: F/W | AC121: 29 | AD121: F | AE121: F/W | AG121: 18 | AH121: F | AI121: BLK F | AK121: 40 | AL121: f | AM121: f/w | AO121: 10 | AP121: f | AQ121: C/W
A122: 28 | B122: F | C122: BLK F | E122: 71 | F122: M | G122: M/W | I122: 52 | J122: M | K122: M/W | M122: 7 | N122: M | O122: C/W | Q122: 67 | R122: F | S122: F/W | U122: 29 | V122: F | W122: BLK F | Y122: 21 | Z122: F | AA122: F/W | AC122: 26 | AD122: F | AE122: F/W | AG122: 25 | AH122: F | AI122: BLK F | AK122: 64 | AL122: f | AM122: f/w | AO122: 3 | AP122: m | AQ122: C/W
A123: 18 | B123: F | C123: BLK F | E123: 71 | F123: M | G123: M/W | I123: 71 | J123: M | K123: M/W | M123: 4 | N123: F | O123: C/W | Q123: 50 | R123: F | S123: F/W | U123: 40 | V123: F | W123: BLK F | Y123: 34 | Z123: F | AA123: F/W | AC123: 13 | AD123: F | AE123: F/W | AG123: 28 | AH123: F | AI123: BLK F | AK123: 48 | AL123: f | AM123: f/w | AO123: 3 | AP123: f | AQ123: C/W
A124: 24 | B124: F | C124: BLK F | E124: 71 | F124: F | G124: F/W | I124: 62 | J124: M | K124: M/W | M124: 6 | N124: M | O124: C/W | Q124: 83 | R124: F | S124: F/W | U124: 24 | V124: F | W124: BLK F | Y124: 37 | Z124: F | AA124: F/W | AC124: 41 | AD124: F | AE124: F/W | AG124: 36 | AH124: F | AI124: BLK F | AK124: 66 | AL124: f | AM124: f/w | AO124: 5 | AP124: m | AQ124: C/W
A125: 36 | B125: F | C125: BLK F | E125: 71 | F125: F | G125: F/W | I125: 35 | J125: M | K125: M/W | M125: 3 | N125: F | O125: C/W | Q125: 43 | R125: F | S125: F/W | U125: 30 | V125: F | W125: BLK F | Y125: 29 | Z125: F | AA125: F/W | AC125: 52 | AD125: F | AE125: F/W | AG125: 42 | AH125: F | AI125: BLK F | AK125: 18 | AL125: f | AM125: f/w | AO125: 1 | AP125: f | AQ125: C/W
A126: 40 | B126: F | C126: BLK F | E126: 71 | F126: F | G126: F/W | I126: 78 | J126: M | K126: M/W | M126: 3 | N126: M | O126: C/W | Q126: 48 | R126: F | S126: F/W | U126: 34 | V126: F | W126: BLK F | Y126: 21 | Z126: F | AA126: F/W | AC126: 55 | AD126: F | AE126: F/W | AG126: 32 | AH126: F | AI126: BLK F | AK126: 19 | AL126: f | AM126: f/w | AO126: 12 | AP126: m | AQ126: C/W
A127: 20 | B127: F | C127: BLK F | E127: 71 | F127: F | G127: F/W | I127: 36 | J127: M | K127: M/W | M127: 2 | N127: M | O127: C/W | Q127: 72 | R127: F | S127: F/W | U127: 43 | V127: F | W127: BLK F | Y127: 77 | Z127: F | AA127: F/W | AC127: 50 | AD127: F | AE127: F/W | AG127: 35 | AH127: F | AI127: BLK F | AK127: 44 | AL127: f | AM127: f/w | AO127: 1 mth | AP127: m | AQ127: C/W
A128: 27 | B128: F | C128: BLK F | E128: 70 | F128: M | G128: M/W | I128: 81 | J128: M | K128: M/W | M128: 3 | N128: F | O128: C/W | Q128: 71 | R128: F | S128: F/W | U128: 34 | V128: F | W128: BLK F | Y128: 21 | Z128: F | AA128: F/W | AC128: 38 | AD128: F | AE128: F/W | AG128: 24 | AH128: F | AI128: BLK F | AK128: 37 | AL128: f | AM128: f/w | AO128: 5 | AP128: f | AQ128: C/W
A129: 25 | B129: F | C129: BLK F | E129: 69 | F129: M | G129: A/E | I129: 26 | J129: M | K129: M/W | M129: 1 | N129: M | O129: C/W | Q129: 83 | R129: F | S129: F/W | U129: 27 | V129: F | W129: BLK F | Y129: 54 | Z129: F | AA129: F/W | AC129: 15 | AD129: F | AE129: F/W | AG129: 28 | AH129: F | AI129: BLK F | AK129: 35 | AL129: f | AM129: f/w | AO129: 3 | AP129: m | AQ129: C/W
A130: 32 | B130: F | C130: BLK F | E130: 69 | F130: F | G130: A/E | I130: 37 | J130: M | K130: M/W | M130: 7 MTHS | N130: F | O130: C/W | Q130: 58 | R130: F | S130: F/W | U130: 35 | V130: F | W130: BLK F | Y130: 75 | Z130: F | AA130: F/W | AC130: 73 | AD130: F | AE130: F/W | AG130: 39 | AH130: F | AI130: BLK F | AK130: 74 | AL130: f | AM130: f/w | AO130: 7 | AP130: f | AQ130: C/W
A131: 19 | B131: F | C131: BLK F | E131: 69 | F131: M | G131: M/W | I131: 66 | J131: M | K131: M/W | M131: 2 | N131: F | O131: C/W | Q131: 19 | R131: F | S131: F/W | U131: 30 | V131: F | W131: BLK F | Y131: 36 | Z131: F | AA131: F/W | AC131: 16 | AD131: F | AE131: F/W | AG131: 35 | AH131: F | AI131: BLK F | AK131: 73 | AL131: f | AM131: f/w | AO131: 7 mth | AP131: m | AQ131: C/W
A132: 44 | B132: F | C132: BLK F | E132: 69 | F132: M | G132: M/W | I132: 52 | J132: M | K132: M/W | M132: 1 | N132: M | O132: C/W | Q132: 75 | R132: F | S132: F/W | U132: 25 | V132: F | W132: BLK F | Y132: 24 | Z132: F | AA132: F/W | AC132: 27 | AD132: F | AE132: F/W | AG132: 28 | AH132: F | AI132: BLK F | AK132: 25 | AL132: f | AM132: f/w | AO132: 3 | AP132: f | AQ132: C/W
A133: 41 | B133: F | C133: BLK F | E133: 69 | F133: F | G133: F/W | I133: 29 | J133: M | K133: M/W | M133: 4 | N133: F | O133: C/W | Q133: 60 | R133: F | S133: F/W | U133: 40 | V133: F | W133: BLK F | Y133: 52 | Z133: F | AA133: F/W | AC133: 50 | AD133: F | AE133: F/W | AG133: 32 | AH133: F | AI133: BLK F | AK133: 18 | AL133: f | AM133: f/w | AO133: 11 | AP133: f | AQ133: C/W
A134: 35 | B134: F | C134: BLK F | E134: 68 | F134: M | G134: A/E | I134: 35 | J134: M | K134: M/W | M134: 1 | N134: M | O134: C/W | Q134: 36 | R134: F | S134: F/W | U134: 29 | V134: F | W134: BLK F | Y134: 19 | Z134: F | AA134: F/W | AC134: 65 | AD134: F | AE134: F/W | AG134: 41 | AH134: F | AI134: BLK F | AK134: 18 | AL134: f | AM134: f/w | AO134: 7 | AP134: m | AQ134: C/W
A135: 48 | B135: F | C135: BLK F | E135: 67 | F135: M | G135: A/E | I135: 26 | J135: M | K135: M/W | M135: 3 | N135: F | O135: C/W | Q135: 81 | R135: F | S135: F/W | U135: 39 | V135: F | W135: BLK F | Y135: 28 | Z135: F | AA135: F/W | AC135: 18 | AD135: F | AE135: F/W | AG135: 18 | AH135: F | AI135: BLK F | AK135: 57 | AL135: f | AM135: f/w | AO135: 1 mth | AP135: m | AQ135: C/W
A136: 27 | B136: F | C136: BLK F | E136: 67 | F136: F | G136: A/E | I136: 64 | J136: M | K136: M/W | M136: 2 | N136: M | O136: C/W | Q136: 51 | R136: F | S136: F/W | U136: 23 | V136: F | W136: BLK F | Y136: 30 | Z136: F | AA136: F/W | AC136: 62 | AD136: F | AE136: F/W | AG136: 32 | AH136: F | AI136: BLK F | AK136: 46 | AL136: f | AM136: f/w | AO136: 10 | AP136: f | AQ136: C/W
A137: 24 | B137: F | C137: BLK F | E137: 67 | F137: F | G137: A/E | I137: 26 | J137: M | K137: M/W | M137: 9 | N137: M | O137: C/W | Q137: 57 | R137: F | S137: F/W | U137: 33 | V137: F | W137: BLK F | Y137: 25 | Z137: F | AA137: F/W | AC137: 71 | AD137: F | AE137: F/W | AG137: 30 | AH137: F | AI137: BLK F | AK137: 20 | AL137: f | AM137: f/w | AO137: 9 mth | AP137: m | AQ137: C/W
A138: 30 | B138: F | C138: BLK F | E138: 67 | F138: F | G138: F/W | I138: 68 | J138: M | K138: M/W | M138: 10 MTHS | N138: M | O138: C/W | Q138: 34 | R138: F | S138: F/W | U138: 19 | V138: F | W138: BLK F | Y138: 59 | Z138: F | AA138: F/W | AC138: 68 | AD138: F | AE138: F/W | AG138: 38 | AH138: F | AI138: BLK F | AK138: 38 | AL138: f | AM138: f/w | AO138: 11 mth | AP138: f | AQ138: C/W
A139: 20 | B139: F | C139: BLK F | E139: 67 | F139: F | G139: F/W | I139: 71 | J139: M | K139: M/W | M139: 7 | N139: M | O139: C/W | Q139: 48 | R139: F | S139: F/W | U139: 17 | V139: F | W139: BLK F | Y139: 47 | Z139: F | AA139: F/W | AC139: 34 | AD139: F | AE139: F/W | AG139: 25 | AH139: F | AI139: BLK F | AK139: 89 | AL139: f | AM139: f/w | AO139: 4 | AP139: m | AQ139: C/W
A140: 23 | B140: F | C140: BLK F | E140: 66 | F140: M | G140: A/E | I140: 34 | J140: M | K140: M/W | M140: 3 | N140: M | O140: C/W | Q140: 17 | R140: F | S140: F/W | U140: 44 | V140: F | W140: BLK F | Y140: 48 | Z140: F | AA140: F/W | AC140: 56 | AD140: F | AE140: F/W | AG140: 31 | AH140: F | AI140: BLK F | AK140: 25 | AL140: f | AM140: f/w | AO140: 4 | AP140: m | AQ140: C/W
A141: 34 | B141: F | C141: BLK F | E141: 66 | F141: F | G141: A/E | I141: 20 | J141: M | K141: M/W | M141: 5 | N141: F | O141: C/W | Q141: 17 | R141: F | S141: F/W | U141: 38 | V141: F | W141: BLK F | Y141: 48 | Z141: F | AA141: F/W | AC141: 37 | AD141: F | AE141: F/W | AG141: 43 | AH141: F | AI141: BLK F | AK141: 23 | AL141: f | AM141: f/w | AO141: 5 | AP141: m | AQ141: C/W
A142: 19 | B142: F | C142: BLK F | E142: 66 | F142: M | G142: A/E | I142: 56 | J142: M | K142: M/W | M142: 7 | N142: M | O142: C/W | Q142: 58 | R142: F | S142: F/W | U142: 22 | V142: F | W142: BLK F | Y142: 16 | Z142: F | AA142: F/W | AC142: 58 | AD142: F | AE142: F/W | AG142: 33 | AH142: F | AI142: BLK F | AK142: 75 | AL142: f | AM142: f/w | AO142: 10 | AP142: m | AQ142: C/W
A143: 27 | B143: F | C143: BLK F | E143: 66 | F143: F | G143: A/E | I143: 75 | J143: M | K143: M/W | M143: 16 | N143: F | O143: BLK F | Q143: 85 | R143: F | S143: F/W | U143: 22 | V143: F | W143: BLK F | Y143: 53 | Z143: F | AA143: F/W | AC143: 51 | AD143: F | AE143: F/W | AG143: 38 | AH143: F | AI143: BLK F | AK143: 53 | AL143: f | AM143: f/w | AO143: 9 | AP143: m | AQ143: C/W
A144: 27 | B144: F | C144: BLK F | E144: 66 | F144: M | G144: M/W | I144: 54 | J144: M | K144: M/W | M144: 22 | N144: F | O144: BLK F | Q144: 39 | R144: F | S144: F/W | U144: 20 | V144: F | W144: BLK F | Y144: 16 | Z144: F | AA144: F/W | AC144: 78 | AD144: F | AE144: F/W | AG144: 42 | AH144: F | AI144: BLK F | AK144: 67 | AL144: f | AM144: f/w | AO144: 7 | AP144: f | AQ144: C/W
A145: 37 | B145: F | C145: BLK F | E145: 65 | F145: M | G145: A/E | I145: 79 | J145: M | K145: M/W | M145: 16 | N145: F | O145: BLK F | Q145: 3 | R145: F | S145: C/W | U145: 16 | V145: F | W145: BLK G | Y145: 37 | Z145: F | AA145: F/W | AC145: 56 | AD145: F | AE145: F/W | AG145: 28 | AH145: F | AI145: BLK F | AK145: 36 | AL145: f | AM145: f/w | AO145: 1 mth | AP145: m | AQ145: C/W
A146: 43 | B146: F | C146: BLK F | E146: 65 | F146: M | G146: M/W | I146: 67 | J146: M | K146: M/W | M146: 30 | N146: F | O146: BLK F | Q146: 8 | R146: M | S146: C/W | U146: 35 | V146: F | W146: BLK G | Y146: 32 | Z146: F | AA146: F/W | AC146: 48 | AD146: F | AE146: F/W | AG146: 34 | AH146: F | AI146: BLK F | AK146: 43 | AL146: f | AM146: f/w | AO146: 1 | AP146: m | AQ146: C/W
A147: 33 | B147: F | C147: BLK F | E147: 65 | F147: M | G147: M/W | I147: 46 | J147: M | K147: M/W | M147: 34 | N147: F | O147: BLK F | Q147: 6 | R147: F | S147: C/W | U147: 21 | V147: F | W147: BLK G | Y147: 53 | Z147: F | AA147: F/W | AC147: 62 | AD147: F | AE147: F/W | AG147: 16 | AH147: F | AI147: BLK F | AK147: 68 | AL147: f | AM147: f/w | AO147: 2 | AP147: f | AQ147: C/W
A148: 21 | B148: F | C148: BLK F | E148: 65 | F148: M | G148: M/W | I148: 39 | J148: M | K148: M/W | M148: 21 | N148: F | O148: BLK F | Q148: 11 MTHS | R148: M | S148: C/W | U148: 19 | V148: F | W148: BLK G | Y148: 51 | Z148: F | AA148: F/W | AC148: 35 | AD148: F | AE148: F/W | AG148: 31 | AH148: F | AI148: BLK F | AK148: 20 | AL148: f | AM148: f/w | AO148: 1 | AP148: f | AQ148: C/W
A149: 25 | B149: F | C149: BLK F | E149: 65 | F149: F | G149: F/W | I149: 36 | J149: M | K149: M/W | M149: 37 | N149: F | O149: BLK F | Q149: 12 | R149: M | S149: C/W | U149: 25 | V149: F | W149: BLK G | Y149: 44 | Z149: F | AA149: F/W | AC149: 65 | AD149: F | AE149: F/W | AG149: 26 | AH149: F | AI149: BLK F | AK149: 84 | AL149: f | AM149: f/w | AO149: 8 | AP149: m | AQ149: C/W
A150: 19 | B150: F | C150: BLK F | E150: 65 | F150: F | G150: F/W | I150: 28 | J150: M | K150: M/W | M150: 41 | N150: F | O150: BLK F | Q150: 2 | R150: M | S150: C/W | U150: 25 | V150: F | W150: BLK G | Y150: 74 | Z150: F | AA150: F/W | AC150: 40 | AD150: F | AE150: F/W | AG150: 27 | AH150: F | AI150: BLK F | AK150: 40 | AL150: f | AM150: f/w | AO150: 4 | AP150: m | AQ150: C/W
A151: 35 | B151: F | C151: BLK F | E151: 64 | F151: M | G151: A/E | I151: 64 | J151: M | K151: M/W | M151: 41 | N151: F | O151: BLK F | Q151: 11 | R151: M | S151: C/W | U151: 40 | V151: F | W151: BLK G | Y151: 54 | Z151: F | AA151: F/W | AC151: 84 | AD151: F | AE151: F/W | AG151: 31 | AH151: F | AI151: BLK F | AK151: 26 | AL151: f | AM151: f/w | AO151: 3 | AP151: m | AQ151: C/W
A152: 32 | B152: F | C152: BLK F | E152: 64 | F152: F | G152: A/E | I152: 25 | J152: M | K152: M/W | M152: 36 | N152: F | O152: BLK F | Q152: 2 | R152: M | S152: C/W | U152: 35 | V152: F | W152: BLK G | Y152: 57 | Z152: F | AA152: F/W | AC152: 20 | AD152: F | AE152: F/W | AG152: 34 | AH152: F | AI152: BLK F | AK152: 44 | AL152: f | AM152: f/w | AO152: 4 | AP152: m | AQ152: C/W
A153: 30 | B153: F | C153: BLK F | E153: 63 | F153: F | G153: A/E | I153: 26 | J153: M | K153: M/W | M153: 42 | N153: F | O153: BLK F | Q153: 2 | R153: M | S153: C/W | U153: 19 | V153: F | W153: BLK G | Y153: 62 | Z153: F | AA153: F/W | AC153: 53 | AD153: F | AE153: F/W | AG153: 25 | AH153: F | AI153: BLK F | AK153: 15 | AL153: f | AM153: f/w | AO153: 6 mth | AP153: f | AQ153: C/W
A154: 40 | B154: F | C154: BLK F | E154: 62 | F154: M | G154: A/E | I154: 50 | J154: M | K154: M/W | M154: 21 | N154: F | O154: BLK F | Q154: 3 | R154: M | S154: C/W | U154: 38 | V154: F | W154: BLK G | Y154: 90 | Z154: F | AA154: F/W | AC154: 57 | AD154: F | AE154: F/W | AG154: 17 | AH154: F | AI154: BLK F | AK154: 48 | AL154: f | AM154: f/w | AO154: 7 | AP154: m | AQ154: C/W
A155: 18 | B155: F | C155: BLK F | E155: 62 | F155: M | G155: A/E | I155: 26 | J155: M | K155: M/W | M155: 18 | N155: F | O155: BLK F | Q155: 12 | R155: M | S155: C/W | U155: 38 | V155: F | W155: BLK G | Y155: 47 | Z155: F | AA155: F/W | AC155: 57 | AD155: F | AE155: F/W | AG155: 38 | AH155: F | AI155: BLK F | AK155: 28 | AL155: f | AM155: f/w | AO155: 5 | AP155: m | AQ155: C/W
A156: 29 | B156: F | C156: BLK F | E156: 62 | F156: M | G156: A/E | I156: 58 | J156: M | K156: M/W | M156: 27 | N156: F | O156: BLK F | Q156: 6 | R156: M | S156: C/W | U156: 38 | V156: F | W156: BLK G | Y156: 57 | Z156: F | AA156: F/W | AC156: 56 | AD156: F | AE156: F/W | AG156: 26 | AH156: F | AI156: BLK F | AK156: 61 | AL156: f | AM156: f/w | AO156: 6 | AP156: f | AQ156: C/W
A157: 35 | B157: F | C157: BLK F | E157: 61 | F157: M | G157: A/E | I157: 51 | J157: M | K157: M/W | M157: 23 | N157: F | O157: BLK F | Q157: 7 MTHS | R157: M | S157: C/W | U157: 40 | V157: F | W157: BLK G | Y157: 88 | Z157: F | AA157: F/W | AC157: 50 | AD157: F | AE157: F/W | AG157: 23 | AH157: F | AI157: BLK F | AK157: 53 | AL157: f | AM157: f/w | AO157: 4 | AP157: m | AQ157: C/W
A158: 21 | B158: F | C158: BLK F | E158: 61 | F158: M | G158: A/E | I158: 16 | J158: M | K158: M/W | M158: 25 | N158: F | O158: BLK F | Q158: 3 | R158: M | S158: C/W | U158: 24 | V158: F | W158: BLK G | Y158: 2 | Z158: M | AA158: C/W | AC158: 58 | AD158: F | AE158: F/W | AG158: 33 | AH158: F | AI158: BLK F | AK158: 14 | AL158: f | AM158: f/w | AO158: 11 | AP158: f | AQ158: C/W
A159: 30 | B159: F | C159: BLK F | E159: 61 | F159: M | G159: M/W | I159: 72 | J159: M | K159: M/W | M159: 17 | N159: F | O159: BLK F | Q159: 5 | R159: F | S159: C/W | U159: 34 | V159: F | W159: BLK G | Y159: 10 | Z159: F | AA159: C/W | AC159: 16 | AD159: F | AE159: F/W | AG159: 22 | AH159: F | AI159: BLK F | AK159: 55 | AL159: f | AM159: f/w | AO159: 8 | AP159: m | AQ159: C/W
A160: 18 | B160: F | C160: BLK F | E160: 61 | F160: F | G160: F/W | I160: 35 | J160: M | K160: M/W | M160: 34 | N160: F | O160: BLK F | Q160: 2 | R160: M | S160: C/W | U160: 27 | V160: F | W160: BLK G | Y160: 6 MTH | Z160: M | AA160: C/W | AC160: 71 | AD160: F | AE160: F/W | AG160: 33 | AH160: F | AI160: BLK F | AK160: 58 | AL160: f | AM160: f/w | AO160: 2 | AP160: m | AQ160: C/W
A161: 31 | B161: F | C161: BLK F | E161: 61 | F161: F | G161: F/W | I161: 58 | J161: M | K161: M/W | M161: 30 | N161: F | O161: BLK F | Q161: 3 MTHS | R161: M | S161: C/W | U161: 26 | V161: F | W161: BLK G | Y161: 4 MTH | Z161: F | AA161: C/W | AC161: 22 | AD161: F | AE161: F/W | AG161: 37 | AH161: F | AI161: BLK F | AK161: 54 | AL161: f | AM161: f/w | AO161: 3 | AP161: m | AQ161: C/W
A162: 26 | B162: F | C162: BLK F | E162: 61 | F162: F | G162: F/W | I162: 38 | J162: M | K162: M/W | M162: 32 | N162: F | O162: BLK F | Q162: 3 | R162: F | S162: C/W | U162: 32 | V162: F | W162: BLK G | Y162: 1 | Z162: F | AA162: C/W | AC162: 34 | AD162: F | AE162: F/W | AG162: 33 | AH162: F | AI162: BLK F | AK162: 57 | AL162: f | AM162: f/w | AO162: 2 | AP162: m | AQ162: C/W
A163: 42 | B163: F | C163: BLK F | E163: 60 | F163: M | G163: M/W | I163: 83 | J163: M | K163: M/W | M163: 19 | N163: F | O163: BLK F | Q163: 2 | R163: M | S163: C/W | U163: 32 | V163: F | W163: BLK G | Y163: 1 MTH | Z163: M | AA163: C/W | AC163: 24 | AD163: F | AE163: F/W | AG163: 18 | AH163: F | AI163: BLK F | AK163: 69 | AL163: f | AM163: f/w | AO163: 3 | AP163: f | AQ163: C/W
A164: 27 | B164: F | C164: BLK F | E164: 60 | F164: M | G164: M/W | I164: 24 | J164: M | K164: M/W | M164: 36 | N164: F | O164: BLK F | Q164: 8 | R164: M | S164: C/W | U164: 37 | V164: F | W164: BLK G | Y164: 2 | Z164: F | AA164: C/W | AC164: 70 | AD164: F | AE164: F/W | AG164: 33 | AH164: F | AI164: BLK G | AK164: 42 | AL164: f | AM164: f/w | AO164: 7 mth | AP164: m | AQ164: C/W
...

Sheet Ages Auto
A1: AGE | B1: SEX | C1: WARD | D1: AGE BAND | G1: Statement of In-patient Both Insured and Non | O1: Non-Insured Attendants
A2: 55 | B2: M | C2: M/W | D2: =IFERROR( IF(OR(RIGHT(UPPER(A2),1)="D", RIGHT(UPPER(A2),3)="DAY", RIGHT(UPPER(A2),4)="DAYS"), "0-28 Days", IF(RIGHT(UPPER(A2),3)="MTH", "1-11 Months", IF(A2+0<1, "0-28 Days", IF(A2+0<5, "1-4 Years", IF(A2+0<10, "5-9 Years", IF(A2+0<15, "10-14 Years", IF(A2+0<18, "15-17 Years", IF(A2+0<20, "18-19 Years", IF(A2+0<35, "20-34 Years", IF(A2+0<50, "35-49 Years", IF(A2+0<60, "50-59 Years", IF(A2+0<70, "60-69 Years", "70+ Years" )))))))))))), "Unknown") -> 50-59 Years | G2: Count of AGE | H2: Column Labels | O2: Age Groups | P2: Male | Q2: Female
A3: 40 | B3: M | C3: M/W | D3: =IFERROR( IF(OR(RIGHT(UPPER(A3),1)="D", RIGHT(UPPER(A3),3)="DAY", RIGHT(UPPER(A3),4)="DAYS"), "0-28 Days", IF(RIGHT(UPPER(A3),3)="MTH", "1-11 Months", IF(A3+0<1, "0-28 Days", IF(A3+0<5, "1-4 Years", IF(A3+0<10, "5-9 Years", IF(A3+0<15, "10-14 Years", IF(A3+0<18, "15-17 Years", IF(A3+0<20, "18-19 Years", IF(A3+0<35, "20-34 Years", IF(A3+0<50, "35-49 Years", IF(A3+0<60, "50-59 Years", IF(A3+0<70, "60-69 Years", "70+ Years" )))))))))))), "Unknown") -> 35-49 Years | G3: Row Labels | H3: M | I3: F | J3: Grand Total | O3: 0-28
A4: 51 | B4: M | C4: M/W | D4: =IFERROR( IF(OR(RIGHT(UPPER(A4),1)="D", RIGHT(UPPER(A4),3)="DAY", RIGHT(UPPER(A4),4)="DAYS"), "0-28 Days", IF(RIGHT(UPPER(A4),3)="MTH", "1-11 Months", IF(A4+0<1, "0-28 Days", IF(A4+0<5, "1-4 Years", IF(A4+0<10, "5-9 Years", IF(A4+0<15, "10-14 Years", IF(A4+0<18, "15-17 Years", IF(A4+0<20, "18-19 Years", IF(A4+0<35, "20-34 Years", IF(A4+0<50, "35-49 Years", IF(A4+0<60, "50-59 Years", IF(A4+0<70, "60-69 Years", "70+ Years" )))))))))))), "Unknown") -> 50-59 Years | G4: 10-14 Years | H4: 7 | I4: 6 | J4: 13 | O4: 1-11
A5: 25 | B5: M | C5: M/W | D5: =IFERROR( IF(OR(RIGHT(UPPER(A5),1)="D", RIGHT(UPPER(A5),3)="DAY", RIGHT(UPPER(A5),4)="DAYS"), "0-28 Days", IF(RIGHT(UPPER(A5),3)="MTH", "1-11 Months", IF(A5+0<1, "0-28 Days", IF(A5+0<5, "1-4 Years", IF(A5+0<10, "5-9 Years", IF(A5+0<15, "10-14 Years", IF(A5+0<18, "15-17 Years", IF(A5+0<20, "18-19 Years", IF(A5+0<35, "20-34 Years", IF(A5+0<50, "35-49 Years", IF(A5+0<60, "50-59 Years", IF(A5+0<70, "60-69 Years", "70+ Years" )))))))))))), "Unknown") -> 20-34 Years | G5: 15-17 Years | H5: 12 | I5: 19 | J5: 31 | O5: 1-4
G6: 18-19 Years | H6: 3 | I6: 16 | J6: 19 | O6: 5-9
A7: 48 | B7: M | C7: M/W | D7: =IFERROR( IF(OR(RIGHT(UPPER(A7),1)="D", RIGHT(UPPER(A7),3)="DAY", RIGHT(UPPER(A7),4)="DAYS"), "0-28 Days", IF(RIGHT(UPPER(A7),3)="MTH", "1-11 Months", IF(A7+0<1, "0-28 Days", IF(A7+0<5, "1-4 Years", IF(A7+0<10, "5-9 Years", IF(A7+0<15, "10-14 Years", IF(A7+0<18, "15-17 Years", IF(A7+0<20, "18-19 Years", IF(A7+0<35, "20-34 Years", IF(A7+0<50, "35-49 Years", IF(A7+0<60, "50-59 Years", IF(A7+0<70, "60-69 Years", "70+ Years" )))))))))))), "Unknown") -> 35-49 Years | G7: 20-34 Years | H7: 31 | I7: 217 | J7: 248 | O7: 10-14
A8: 47 | B8: M | C8: M/W | D8: =IFERROR( IF(OR(RIGHT(UPPER(A8),1)="D", RIGHT(UPPER(A8),3)="DAY", RIGHT(UPPER(A8),4)="DAYS"), "0-28 Days", IF(RIGHT(UPPER(A8),3)="MTH", "1-11 Months", IF(A8+0<1, "0-28 Days", IF(A8+0<5, "1-4 Years", IF(A8+0<10, "5-9 Years", IF(A8+0<15, "10-14 Years", IF(A8+0<18, "15-17 Years", IF(A8+0<20, "18-19 Years", IF(A8+0<35, "20-34 Years", IF(A8+0<50, "35-49 Years", IF(A8+0<60, "50-59 Years", IF(A8+0<70, "60-69 Years", "70+ Years" )))))))))))), "Unknown") -> 35-49 Years | G8: 35-49 Years | H8: 36 | I8: 71 | J8: 107 | O8: 15-17
A9: 16 | B9: M | C9: M/W | D9: =IFERROR( IF(OR(RIGHT(UPPER(A9),1)="D", RIGHT(UPPER(A9),3)="DAY", RIGHT(UPPER(A9),4)="DAYS"), "0-28 Days", IF(RIGHT(UPPER(A9),3)="MTH", "1-11 Months", IF(A9+0<1, "0-28 Days", IF(A9+0<5, "1-4 Years", IF(A9+0<10, "5-9 Years", IF(A9+0<15, "10-14 Years", IF(A9+0<18, "15-17 Years", IF(A9+0<20, "18-19 Years", IF(A9+0<35, "20-34 Years", IF(A9+0<50, "35-49 Years", IF(A9+0<60, "50-59 Years", IF(A9+0<70, "60-69 Years", "70+ Years" )))))))))))), "Unknown") -> 15-17 Years | G9: 50-59 Years | H9: 29 | I9: 22 | J9: 51 | O9: 18-19
A10: 62 | B10: M | C10: M/W | D10: =IFERROR( IF(OR(RIGHT(UPPER(A10),1)="D", RIGHT(UPPER(A10),3)="DAY", RIGHT(UPPER(A10),4)="DAYS"), "0-28 Days", IF(RIGHT(UPPER(A10),3)="MTH", "1-11 Months", IF(A10+0<1, "0-28 Days", IF(A10+0<5, "1-4 Years", IF(A10+0<10, "5-9 Years", IF(A10+0<15, "10-14 Years", IF(A10+0<18, "15-17 Years", IF(A10+0<20, "18-19 Years", IF(A10+0<35, "20-34 Years", IF(A10+0<50, "35-49 Years", IF(A10+0<60, "50-59 Years", IF(A10+0<70, "60-69 Years", "70+ Years" )))))))))))), "Unknown") -> 60-69 Years | G10: 60-69 Years | H10: 16 | I10: 8 | J10: 24 | O10: 20-34
A11: 82 | B11: M | C11: M/W | D11: =IFERROR( IF(OR(RIGHT(UPPER(A11),1)="D", RIGHT(UPPER(A11),3)="DAY", RIGHT(UPPER(A11),4)="DAYS"), "0-28 Days", IF(RIGHT(UPPER(A11),3)="MTH", "1-11 Months", IF(A11+0<1, "0-28 Days", IF(A11+0<5, "1-4 Years", IF(A11+0<10, "5-9 Years", IF(A11+0<15, "10-14 Years", IF(A11+0<18, "15-17 Years", IF(A11+0<20, "18-19 Years", IF(A11+0<35, "20-34 Years", IF(A11+0<50, "35-49 Years", IF(A11+0<60, "50-59 Years", IF(A11+0<70, "60-69 Years", "70+ Years" )))))))))))), "Unknown") -> 70+ Years | G11: 70+ Years | H11: 27 | I11: 20 | J11: 47 | O11: 35-49
A12: 85 | B12: M | C12: M/W | D12: =IFERROR( IF(OR(RIGHT(UPPER(A12),1)="D", RIGHT(UPPER(A12),3)="DAY", RIGHT(UPPER(A12),4)="DAYS"), "0-28 Days", IF(RIGHT(UPPER(A12),3)="MTH", "1-11 Months", IF(A12+0<1, "0-28 Days", IF(A12+0<5, "1-4 Years", IF(A12+0<10, "5-9 Years", IF(A12+0<15, "10-14 Years", IF(A12+0<18, "15-17 Years", IF(A12+0<20, "18-19 Years", IF(A12+0<35, "20-34 Years", IF(A12+0<50, "35-49 Years", IF(A12+0<60, "50-59 Years", IF(A12+0<70, "60-69 Years", "70+ Years" )))))))))))), "Unknown") -> 70+ Years | G12: 0-28 Days | H12: 26 | I12: 17 | J12: 43 | O12: 50-59
A13: 54 | B13: M | C13: M/W | D13: =IFERROR( IF(OR(RIGHT(UPPER(A13),1)="D", RIGHT(UPPER(A13),3)="DAY", RIGHT(UPPER(A13),4)="DAYS"), "0-28 Days", IF(RIGHT(UPPER(A13),3)="MTH", "1-11 Months", IF(A13+0<1, "0-28 Days", IF(A13+0<5, "1-4 Years", IF(A13+0<10, "5-9 Years", IF(A13+0<15, "10-14 Years", IF(A13+0<18, "15-17 Years", IF(A13+0<20, "18-19 Years", IF(A13+0<35, "20-34 Years", IF(A13+0<50, "35-49 Years", IF(A13+0<60, "50-59 Years", IF(A13+0<70, "60-69 Years", "70+ Years" )))))))))))), "Unknown") -> 50-59 Years | G13: 1-11 Months | H13: 6 | I13: 1 | J13: 7 | O13: 60-69
A14: 39 | B14: M | C14: M/W | D14: =IFERROR( IF(OR(RIGHT(UPPER(A14),1)="D", RIGHT(UPPER(A14),3)="DAY", RIGHT(UPPER(A14),4)="DAYS"), "0-28 Days", IF(RIGHT(UPPER(A14),3)="MTH", "1-11 Months", IF(A14+0<1, "0-28 Days", IF(A14+0<5, "1-4 Years", IF(A14+0<10, "5-9 Years", IF(A14+0<15, "10-14 Years", IF(A14+0<18, "15-17 Years", IF(A14+0<20, "18-19 Years", IF(A14+0<35, "20-34 Years", IF(A14+0<50, "35-49 Years", IF(A14+0<60, "50-59 Years", IF(A14+0<70, "60-69 Years", "70+ Years" )))))))))))), "Unknown") -> 35-49 Years | G14: 1-4 Years | H14: 19 | I14: 19 | J14: 38 | O14: 70+
A15: 80 | B15: M | C15: M/W | D15: =IFERROR( IF(OR(RIGHT(UPPER(A15),1)="D", RIGHT(UPPER(A15),3)="DAY", RIGHT(UPPER(A15),4)="DAYS"), "0-28 Days", IF(RIGHT(UPPER(A15),3)="MTH", "1-11 Months", IF(A15+0<1, "0-28 Days", IF(A15+0<5, "1-4 Years", IF(A15+0<10, "5-9 Years", IF(A15+0<15, "10-14 Years", IF(A15+0<18, "15-17 Years", IF(A15+0<20, "18-19 Years", IF(A15+0<35, "20-34 Years", IF(A15+0<50, "35-49 Years", IF(A15+0<60, "50-59 Years", IF(A15+0<70, "60-69 Years", "70+ Years" )))))))))))), "Unknown") -> 70+ Years | G15: 5-9 Years | H15: 13 | I15: 8 | J15: 21 | O15: Total
A16: 16 | B16: M | C16: M/W | D16: =IFERROR( IF(OR(RIGHT(UPPER(A16),1)="D", RIGHT(UPPER(A16),3)="DAY", RIGHT(UPPER(A16),4)="DAYS"), "0-28 Days", IF(RIGHT(UPPER(A16),3)="MTH", "1-11 Months", IF(A16+0<1, "0-28 Days", IF(A16+0<5, "1-4 Years", IF(A16+0<10, "5-9 Years", IF(A16+0<15, "10-14 Years", IF(A16+0<18, "15-17 Years", IF(A16+0<20, "18-19 Years", IF(A16+0<35, "20-34 Years", IF(A16+0<50, "35-49 Years", IF(A16+0<60, "50-59 Years", IF(A16+0<70, "60-69 Years", "70+ Years" )))))))))))), "Unknown") -> 15-17 Years | G16: Grand Total | H16: 225 | I16: 424 | J16: 649 | O16: Malaria Cases
A17: 15 | B17: M | C17: M/W | D17: =IFERROR( IF(OR(RIGHT(UPPER(A17),1)="D", RIGHT(UPPER(A17),3)="DAY", RIGHT(UPPER(A17),4)="DAYS"), "0-28 Days", IF(RIGHT(UPPER(A17),3)="MTH", "1-11 Months", IF(A17+0<1, "0-28 Days", IF(A17+0<5, "1-4 Years", IF(A17+0<10, "5-9 Years", IF(A17+0<15, "10-14 Years", IF(A17+0<18, "15-17 Years", IF(A17+0<20, "18-19 Years", IF(A17+0<35, "20-34 Years", IF(A17+0<50, "35-49 Years", IF(A17+0<60, "50-59 Years", IF(A17+0<70, "60-69 Years", "70+ Years" )))))))))))), "Unknown") -> 15-17 Years | P17: Male | Q17: Female
A18: 49 | B18: M | C18: M/W | D18: =IFERROR( IF(OR(RIGHT(UPPER(A18),1)="D", RIGHT(UPPER(A18),3)="DAY", RIGHT(UPPER(A18),4)="DAYS"), "0-28 Days", IF(RIGHT(UPPER(A18),3)="MTH", "1-11 Months", IF(A18+0<1, "0-28 Days", IF(A18+0<5, "1-4 Years", IF(A18+0<10, "5-9 Years", IF(A18+0<15, "10-14 Years", IF(A18+0<18, "15-17 Years", IF(A18+0<20, "18-19 Years", IF(A18+0<35, "20-34 Years", IF(A18+0<50, "35-49 Years", IF(A18+0<60, "50-59 Years", IF(A18+0<70, "60-69 Years", "70+ Years" )))))))))))), "Unknown") -> 35-49 Years | O18: <5 malaria
A19: 44 | B19: M | C19: M/W | D19: =IFERROR( IF(OR(RIGHT(UPPER(A19),1)="D", RIGHT(UPPER(A19),3)="DAY", RIGHT(UPPER(A19),4)="DAYS"), "0-28 Days", IF(RIGHT(UPPER(A19),3)="MTH", "1-11 Months", IF(A19+0<1, "0-28 Days", IF(A19+0<5, "1-4 Years", IF(A19+0<10, "5-9 Years", IF(A19+0<15, "10-14 Years", IF(A19+0<18, "15-17 Years", IF(A19+0<20, "18-19 Years", IF(A19+0<35, "20-34 Years", IF(A19+0<50, "35-49 Years", IF(A19+0<60, "50-59 Years", IF(A19+0<70, "60-69 Years", "70+ Years" )))))))))))), "Unknown") -> 35-49 Years | O19: >5 malaria
A20: 16 | B20: M | C20: M/W | D20: =IFERROR( IF(OR(RIGHT(UPPER(A20),1)="D", RIGHT(UPPER(A20),3)="DAY", RIGHT(UPPER(A20),4)="DAYS"), "0-28 Days", IF(RIGHT(UPPER(A20),3)="MTH", "1-11 Months", IF(A20+0<1, "0-28 Days", IF(A20+0<5, "1-4 Years", IF(A20+0<10, "5-9 Years", IF(A20+0<15, "10-14 Years", IF(A20+0<18, "15-17 Years", IF(A20+0<20, "18-19 Years", IF(A20+0<35, "20-34 Years", IF(A20+0<50, "35-49 Years", IF(A20+0<60, "50-59 Years", IF(A20+0<70, "60-69 Years", "70+ Years" )))))))))))), "Unknown") -> 15-17 Years | O20: <5 malaria death
A21: 62 | B21: M | C21: M/W | D21: =IFERROR( IF(OR(RIGHT(UPPER(A21),1)="D", RIGHT(UPPER(A21),3)="DAY", RIGHT(UPPER(A21),4)="DAYS"), "0-28 Days", IF(RIGHT(UPPER(A21),3)="MTH", "1-11 Months", IF(A21+0<1, "0-28 Days", IF(A21+0<5, "1-4 Years", IF(A21+0<10, "5-9 Years", IF(A21+0<15, "10-14 Years", IF(A21+0<18, "15-17 Years", IF(A21+0<20, "18-19 Years", IF(A21+0<35, "20-34 Years", IF(A21+0<50, "35-49 Years", IF(A21+0<60, "50-59 Years", IF(A21+0<70, "60-69 Years", "70+ Years" )))))))))))), "Unknown") -> 60-69 Years | O21: >5 malaria death
A22: 43 | B22: M | C22: M/W | D22: =IFERROR( IF(OR(RIGHT(UPPER(A22),1)="D", RIGHT(UPPER(A22),3)="DAY", RIGHT(UPPER(A22),4)="DAYS"), "0-28 Days", IF(RIGHT(UPPER(A22),3)="MTH", "1-11 Months", IF(A22+0<1, "0-28 Days", IF(A22+0<5, "1-4 Years", IF(A22+0<10, "5-9 Years", IF(A22+0<15, "10-14 Years", IF(A22+0<18, "15-17 Years", IF(A22+0<20, "18-19 Years", IF(A22+0<35, "20-34 Years", IF(A22+0<50, "35-49 Years", IF(A22+0<60, "50-59 Years", IF(A22+0<70, "60-69 Years", "70+ Years" )))))))))))), "Unknown") -> 35-49 Years
A23: 40 | B23: M | C23: M/W | D23: =IFERROR( IF(OR(RIGHT(UPPER(A23),1)="D", RIGHT(UPPER(A23),3)="DAY", RIGHT(UPPER(A23),4)="DAYS"), "0-28 Days", IF(RIGHT(UPPER(A23),3)="MTH", "1-11 Months", IF(A23+0<1, "0-28 Days", IF(A23+0<5, "1-4 Years", IF(A23+0<10, "5-9 Years", IF(A23+0<15, "10-14 Years", IF(A23+0<18, "15-17 Years", IF(A23+0<20, "18-19 Years", IF(A23+0<35, "20-34 Years", IF(A23+0<50, "35-49 Years", IF(A23+0<60, "50-59 Years", IF(A23+0<70, "60-69 Years", "70+ Years" )))))))))))), "Unknown") -> 35-49 Years
A24: 38 | B24: M | C24: M/W | D24: =IFERROR( IF(OR(RIGHT(UPPER(A24),1)="D", RIGHT(UPPER(A24),3)="DAY", RIGHT(UPPER(A24),4)="DAYS"), "0-28 Days", IF(RIGHT(UPPER(A24),3)="MTH", "1-11 Months", IF(A24+0<1, "0-28 Days", IF(A24+0<5, "1-4 Years", IF(A24+0<10, "5-9 Years", IF(A24+0<15, "10-14 Years", IF(A24+0<18, "15-17 Years", IF(A24+0<20, "18-19 Years", IF(A24+0<35, "20-34 Years", IF(A24+0<50, "35-49 Years", IF(A24+0<60, "50-59 Years", IF(A24+0<70, "60-69 Years", "70+ Years" )))))))))))), "Unknown") -> 35-49 Years
A25: 82 | B25: M | C25: M/W | D25: =IFERROR( IF(OR(RIGHT(UPPER(A25),1)="D", RIGHT(UPPER(A25),3)="DAY", RIGHT(UPPER(A25),4)="DAYS"), "0-28 Days", IF(RIGHT(UPPER(A25),3)="MTH", "1-11 Months", IF(A25+0<1, "0-28 Days", IF(A25+0<5, "1-4 Years", IF(A25+0<10, "5-9 Years", IF(A25+0<15, "10-14 Years", IF(A25+0<18, "15-17 Years", IF(A25+0<20, "18-19 Years", IF(A25+0<35, "20-34 Years", IF(A25+0<50, "35-49 Years", IF(A25+0<60, "50-59 Years", IF(A25+0<70, "60-69 Years", "70+ Years" )))))))))))), "Unknown") -> 70+ Years
A26: 61 | B26: M | C26: M/W | D26: =IFERROR( IF(OR(RIGHT(UPPER(A26),1)="D", RIGHT(UPPER(A26),3)="DAY", RIGHT(UPPER(A26),4)="DAYS"), "0-28 Days", IF(RIGHT(UPPER(A26),3)="MTH", "1-11 Months", IF(A26+0<1, "0-28 Days", IF(A26+0<5, "1-4 Years", IF(A26+0<10, "5-9 Years", IF(A26+0<15, "10-14 Years", IF(A26+0<18, "15-17 Years", IF(A26+0<20, "18-19 Years", IF(A26+0<35, "20-34 Years", IF(A26+0<50, "35-49 Years", IF(A26+0<60, "50-59 Years", IF(A26+0<70, "60-69 Years", "70+ Years" )))))))))))), "Unknown") -> 60-69 Years
A27: 37 | B27: M | C27: M/W | D27: =IFERROR( IF(OR(RIGHT(UPPER(A27),1)="D", RIGHT(UPPER(A27),3)="DAY", RIGHT(UPPER(A27),4)="DAYS"), "0-28 Days", IF(RIGHT(UPPER(A27),3)="MTH", "1-11 Months", IF(A27+0<1, "0-28 Days", IF(A27+0<5, "1-4 Years", IF(A27+0<10, "5-9 Years", IF(A27+0<15, "10-14 Years", IF(A27+0<18, "15-17 Years", IF(A27+0<20, "18-19 Years", IF(A27+0<35, "20-34 Years", IF(A27+0<50, "35-49 Years", IF(A27+0<60, "50-59 Years", IF(A27+0<70, "60-69 Years", "70+ Years" )))))))))))), "Unknown") -> 35-49 Years
A28: 90 | B28: M | C28: M/W | D28: =IFERROR( IF(OR(RIGHT(UPPER(A28),1)="D", RIGHT(UPPER(A28),3)="DAY", RIGHT(UPPER(A28),4)="DAYS"), "0-28 Days", IF(RIGHT(UPPER(A28),3)="MTH", "1-11 Months", IF(A28+0<1, "0-28 Days", IF(A28+0<5, "1-4 Years", IF(A28+0<10, "5-9 Years", IF(A28+0<15, "10-14 Years", IF(A28+0<18, "15-17 Years", IF(A28+0<20, "18-19 Years", IF(A28+0<35, "20-34 Years", IF(A28+0<50, "35-49 Years", IF(A28+0<60, "50-59 Years", IF(A28+0<70, "60-69 Years", "70+ Years" )))))))))))), "Unknown") -> 70+ Years
A29: 86 | B29: M | C29: M/W | D29: =IFERROR( IF(OR(RIGHT(UPPER(A29),1)="D", RIGHT(UPPER(A29),3)="DAY", RIGHT(UPPER(A29),4)="DAYS"), "0-28 Days", IF(RIGHT(UPPER(A29),3)="MTH", "1-11 Months", IF(A29+0<1, "0-28 Days", IF(A29+0<5, "1-4 Years", IF(A29+0<10, "5-9 Years", IF(A29+0<15, "10-14 Years", IF(A29+0<18, "15-17 Years", IF(A29+0<20, "18-19 Years", IF(A29+0<35, "20-34 Years", IF(A29+0<50, "35-49 Years", IF(A29+0<60, "50-59 Years", IF(A29+0<70, "60-69 Years", "70+ Years" )))))))))))), "Unknown") -> 70+ Years
A30: 47 | B30: M | C30: M/W | D30: =IFERROR( IF(OR(RIGHT(UPPER(A30),1)="D", RIGHT(UPPER(A30),3)="DAY", RIGHT(UPPER(A30),4)="DAYS"), "0-28 Days", IF(RIGHT(UPPER(A30),3)="MTH", "1-11 Months", IF(A30+0<1, "0-28 Days", IF(A30+0<5, "1-4 Years", IF(A30+0<10, "5-9 Years", IF(A30+0<15, "10-14 Years", IF(A30+0<18, "15-17 Years", IF(A30+0<20, "18-19 Years", IF(A30+0<35, "20-34 Years", IF(A30+0<50, "35-49 Years", IF(A30+0<60, "50-59 Years", IF(A30+0<70, "60-69 Years", "70+ Years" )))))))))))), "Unknown") -> 35-49 Years
A31: 22 | B31: M | C31: M/W | D31: =IFERROR( IF(OR(RIGHT(UPPER(A31),1)="D", RIGHT(UPPER(A31),3)="DAY", RIGHT(UPPER(A31),4)="DAYS"), "0-28 Days", IF(RIGHT(UPPER(A31),3)="MTH", "1-11 Months", IF(A31+0<1, "0-28 Days", IF(A31+0<5, "1-4 Years", IF(A31+0<10, "5-9 Years", IF(A31+0<15, "10-14 Years", IF(A31+0<18, "15-17 Years", IF(A31+0<20, "18-19 Years", IF(A31+0<35, "20-34 Years", IF(A31+0<50, "35-49 Years", IF(A31+0<60, "50-59 Years", IF(A31+0<70, "60-69 Years", "70+ Years" )))))))))))), "Unknown") -> 20-34 Years
A32: 49 | B32: M | C32: M/W | D32: =IFERROR( IF(OR(RIGHT(UPPER(A32),1)="D", RIGHT(UPPER(A32),3)="DAY", RIGHT(UPPER(A32),4)="DAYS"), "0-28 Days", IF(RIGHT(UPPER(A32),3)="MTH", "1-11 Months", IF(A32+0<1, "0-28 Days", IF(A32+0<5, "1-4 Years", IF(A32+0<10, "5-9 Years", IF(A32+0<15, "10-14 Years", IF(A32+0<18, "15-17 Years", IF(A32+0<20, "18-19 Years", IF(A32+0<35, "20-34 Years", IF(A32+0<50, "35-49 Years", IF(A32+0<60, "50-59 Years", IF(A32+0<70, "60-69 Years", "70+ Years" )))))))))))), "Unknown") -> 35-49 Years
A33: 53 | B33: M | C33: M/W | D33: =IFERROR( IF(OR(RIGHT(UPPER(A33),1)="D", RIGHT(UPPER(A33),3)="DAY", RIGHT(UPPER(A33),4)="DAYS"), "0-28 Days", IF(RIGHT(UPPER(A33),3)="MTH", "1-11 Months", IF(A33+0<1, "0-28 Days", IF(A33+0<5, "1-4 Years", IF(A33+0<10, "5-9 Years", IF(A33+0<15, "10-14 Years", IF(A33+0<18, "15-17 Years", IF(A33+0<20, "18-19 Years", IF(A33+0<35, "20-34 Years", IF(A33+0<50, "35-49 Years", IF(A33+0<60, "50-59 Years", IF(A33+0<70, "60-69 Years", "70+ Years" )))))))))))), "Unknown") -> 50-59 Years
... A138: 4 | B138: F | C138: C/W | D138: =IFERROR( IF(OR(RIGHT(UPPER(A138),1)="D", RIGHT(UPPER(A138),3)="DAY", RIGHT(UPPER(A138),4)="DAYS"), "0-28 Days", IF(RIGHT(UPPER(A138),3)="MTH", "1-11 Months", IF(A138+0<1, "0-28 Days", IF(A138+0<5, "1-4 Years", IF(A138+0<10, "5-9 Years", IF(A138+0<15, "10-14 Years", IF(A138+0<18, "15-17 Years", IF(A138+0<20, "18-19 Years", IF(A138+0<35, "20-34 Years", IF(A138+0<50, "35-49 Years", IF(A138+0<60, "50-59 Years", IF(A138+0<70, "60-69 Years", "70+ Years" )))))))))))), "Unknown") -> 1-4 Years
A139: 5 mth | B139: M | C139: C/W | D139: =IFERROR( IF(OR(RIGHT(UPPER(A139),1)="D", RIGHT(UPPER(A139),3)="DAY", RIGHT(UPPER(A139),4)="DAYS"), "0-28 Days", IF(RIGHT(UPPER(A139),3)="MTH", "1-11 Months", IF(A139+0<1, "0-28 Days", IF(A139+0<5, "1-4 Years", IF(A139+0<10, "5-9 Years", IF(A139+0<15, "10-14 Years", IF(A139+0<18, "15-17 Years", IF(A139+0<20, "18-19 Years", IF(A139+0<35, "20-34 Years", IF(A139+0<50, "35-49 Years", IF(A139+0<60, "50-59 Years", IF(A139+0<70, "60-69 Years", "70+ Years" )))))))))))), "Unknown") -> 1-11 Months
A140: 3 | B140: F | C140: C/W | D140: =IFERROR( IF(OR(RIGHT(UPPER(A140),1)="D", RIGHT(UPPER(A140),3)="DAY", RIGHT(UPPER(A140),4)="DAYS"), "0-28 Days", IF(RIGHT(UPPER(A140),3)="MTH", "1-11 Months", IF(A140+0<1, "0-28 Days", IF(A140+0<5, "1-4 Years", IF(A140+0<10, "5-9 Years", IF(A140+0<15, "10-14 Years", IF(A140+0<18, "15-17 Years", IF(A140+0<20, "18-19 Years", IF(A140+0<35, "20-34 Years", IF(A140+0<50, "35-49 Years", IF(A140+0<60, "50-59 Years", IF(A140+0<70, "60-69 Years", "70+ Years" )))))))))))), "Unknown") -> 1-4 Years
A141: 10 | B141: M | C141: C/W | D141: =IFERROR( IF(OR(RIGHT(UPPER(A141),1)="D", RIGHT(UPPER(A141),3)="DAY", RIGHT(UPPER(A141),4)="DAYS"), "0-28 Days", IF(RIGHT(UPPER(A141),3)="MTH", "1-11 Months", IF(A141+0<1, "0-28 Days", IF(A141+0<5, "1-4 Years", IF(A141+0<10, "5-9 Years", IF(A141+0<15, "10-14 Years", IF(A141+0<18, "15-17 Years", IF(A141+0<20, "18-19 Years", IF(A141+0<35, "20-34 Years", IF(A141+0<50, "35-49 Years", IF(A141+0<60, "50-59 Years", IF(A141+0<70, "60-69 Years", "70+ Years" )))))))))))), "Unknown") -> 10-14 Years
A142: 5 | B142: M | C142: C/W | D142: =IFERROR( IF(OR(RIGHT(UPPER(A142),1)="D", RIGHT(UPPER(A142),3)="DAY", RIGHT(UPPER(A142),4)="DAYS"), "0-28 Days", IF(RIGHT(UPPER(A142),3)="MTH", "1-11 Months", IF(A142+0<1, "0-28 Days", IF(A142+0<5, "1-4 Years", IF(A142+0<10, "5-9 Years", IF(A142+0<15, "10-14 Years", IF(A142+0<18, "15-17 Years", IF(A142+0<20, "18-19 Years", IF(A142+0<35, "20-34 Years", IF(A142+0<50, "35-49 Years", IF(A142+0<60, "50-59 Years", IF(A142+0<70, "60-69 Years", "70+ Years" )))))))))))), "Unknown") -> 5-9 Years
A143: 5 | B143: F | C143: C/W | D143: =IFERROR( IF(OR(RIGHT(UPPER(A143),1)="D", RIGHT(UPPER(A143),3)="DAY", RIGHT(UPPER(A143),4)="DAYS"), "0-28 Days", IF(RIGHT(UPPER(A143),3)="MTH", "1-11 Months", IF(A143+0<1, "0-28 Days", IF(A143+0<5, "1-4 Years", IF(A143+0<10, "5-9 Years", IF(A143+0<15, "10-14 Years", IF(A143+0<18, "15-17 Years", IF(A143+0<20, "18-19 Years", IF(A143+0<35, "20-34 Years", IF(A143+0<50, "35-49 Years", IF(A143+0<60, "50-59 Years", IF(A143+0<70, "60-69 Years", "70+ Years" )))))))))))), "Unknown") -> 5-9 Years
A144: 2 MTH | B144: M | C144: C/W | D144: =IFERROR( IF(OR(RIGHT(UPPER(A144),1)="D", RIGHT(UPPER(A144),3)="DAY", RIGHT(UPPER(A144),4)="DAYS"), "0-28 Days", IF(RIGHT(UPPER(A144),3)="MTH", "1-11 Months", IF(A144+0<1, "0-28 Days", IF(A144+0<5, "1-4 Years", IF(A144+0<10, "5-9 Years", IF(A144+0<15, "10-14 Years", IF(A144+0<18, "15-17 Years", IF(A144+0<20, "18-19 Years", IF(A144+0<35, "20-34 Years", IF(A144+0<50, "35-49 Years", IF(A144+0<60, "50-59 Years", IF(A144+0<70, "60-69 Years", "70+ Years" )))))))))))), "Unknown") -> 1-11 Months
A145: 4 MTH | B145: M | C145: C/W | D145: =IFERROR( IF(OR(RIGHT(UPPER(A145),1)="D", RIGHT(UPPER(A145),3)="DAY", RIGHT(UPPER(A145),4)="DAYS"), "0-28 Days", IF(RIGHT(UPPER(A145),3)="MTH", "1-11 Months", IF(A145+0<1, "0-28 Days", IF(A145+0<5, "1-4 Years", IF(A145+0<10, "5-9 Years", IF(A145+0<15, "10-14 Years", IF(A145+0<18, "15-17 Years", IF(A145+0<20, "18-19 Years", IF(A145+0<35, "20-34 Years", IF(A145+0<50, "35-49 Years", IF(A145+0<60, "50-59 Years", IF(A145+0<70, "60-69 Years", "70+ Years" )))))))))))), "Unknown") -> 1-11 Months
A146: 2 | B146: F | C146: C/W | D146: =IFERROR( IF(OR(RIGHT(UPPER(A146),1)="D", RIGHT(UPPER(A146),3)="DAY", RIGHT(UPPER(A146),4)="DAYS"), "0-28 Days", IF(RIGHT(UPPER(A146),3)="MTH", "1-11 Months", IF(A146+0<1, "0-28 Days", IF(A146+0<5, "1-4 Years", IF(A146+0<10, "5-9 Years", IF(A146+0<15, "10-14 Years", IF(A146+0<18, "15-17 Years", IF(A146+0<20, "18-19 Years", IF(A146+0<35, "20-34 Years", IF(A146+0<50, "35-49 Years", IF(A146+0<60, "50-59 Years", IF(A146+0<70, "60-69 Years", "70+ Years" )))))))))))), "Unknown") -> 1-4 Years
A147: 3 | B147: M | C147: C/W | D147: =IFERROR( IF(OR(RIGHT(UPPER(A147),1)="D", RIGHT(UPPER(A147),3)="DAY", RIGHT(UPPER(A147),4)="DAYS"), "0-28 Days", IF(RIGHT(UPPER(A147),3)="MTH", "1-11 Months", IF(A147+0<1, "0-28 Days", IF(A147+0<5, "1-4 Years", IF(A147+0<10, "5-9 Years", IF(A147+0<15, "10-14 Years", IF(A147+0<18, "15-17 Years", IF(A147+0<20, "18-19 Years", IF(A147+0<35, "20-34 Years", IF(A147+0<50, "35-49 Years", IF(A147+0<60, "50-59 Years", IF(A147+0<70, "60-69 Years", "70+ Years" )))))))))))), "Unknown") -> 1-4 Years
A148: 11 MTH | B148: M | C148: C/W | D148: =IFERROR( IF(OR(RIGHT(UPPER(A148),1)="D", RIGHT(UPPER(A148),3)="DAY", RIGHT(UPPER(A148),4)="DAYS"), "0-28 Days", IF(RIGHT(UPPER(A148),3)="MTH", "1-11 Months", IF(A148+0<1, "0-28 Days", IF(A148+0<5, "1-4 Years", IF(A148+0<10, "5-9 Years", IF(A148+0<15, "10-14 Years", IF(A148+0<18, "15-17 Years", IF(A148+0<20, "18-19 Years", IF(A148+0<35, "20-34 Years", IF(A148+0<50, "35-49 Years", IF(A148+0<60, "50-59 Years", IF(A148+0<70, "60-69 Years", "70+ Years" )))))))))))), "Unknown") -> 1-11 Months
A149: 1 | B149: F | C149: C/W | D149: =IFERROR( IF(OR(RIGHT(UPPER(A149),1)="D", RIGHT(UPPER(A149),3)="DAY", RIGHT(UPPER(A149),4)="DAYS"), "0-28 Days", IF(RIGHT(UPPER(A149),3)="MTH", "1-11 Months", IF(A149+0<1, "0-28 Days", IF(A149+0<5, "1-4 Years", IF(A149+0<10, "5-9 Years", IF(A149+0<15, "10-14 Years", IF(A149+0<18, "15-17 Years", IF(A149+0<20, "18-19 Years", IF(A149+0<35, "20-34 Years", IF(A149+0<50, "35-49 Years", IF(A149+0<60, "50-59 Years", IF(A149+0<70, "60-69 Years", "70+ Years" )))))))))))), "Unknown") -> 1-4 Years
A150: 9 | B150: M | C150: C/W | D150: =IFERROR( IF(OR(RIGHT(UPPER(A150),1)="D", RIGHT(UPPER(A150),3)="DAY", RIGHT(UPPER(A150),4)="DAYS"), "0-28 Days", IF(RIGHT(UPPER(A150),3)="MTH", "1-11 Months", IF(A150+0<1, "0-28 Days", IF(A150+0<5, "1-4 Years", IF(A150+0<10, "5-9 Years", IF(A150+0<15, "10-14 Years", IF(A150+0<18, "15-17 Years", IF(A150+0<20, "18-19 Years", IF(A150+0<35, "20-34 Years", IF(A150+0<50, "35-49 Years", IF(A150+0<60, "50-59 Years", IF(A150+0<70, "60-69 Years", "70+ Years" )))))))))))), "Unknown") -> 5-9 Years
A151: 2 | B151: M | C151: C/W | D151: =IFERROR( IF(OR(RIGHT(UPPER(A151),1)="D", RIGHT(UPPER(A151),3)="DAY", RIGHT(UPPER(A151),4)="DAYS"), "0-28 Days", IF(RIGHT(UPPER(A151),3)="MTH", "1-11 Months", IF(A151+0<1, "0-28 Days", IF(A151+0<5, "1-4 Years", IF(A151+0<10, "5-9 Years", IF(A151+0<15, "10-14 Years", IF(A151+0<18, "15-17 Years", IF(A151+0<20, "18-19 Years", IF(A151+0<35, "20-34 Years", IF(A151+0<50, "35-49 Years", IF(A151+0<60, "50-59 Years", IF(A151+0<70, "60-69 Years", "70+ Years" )))))))))))), "Unknown") -> 1-4 Years
A152: 5 | B152: M | C152: C/W | D152: =IFERROR( IF(OR(RIGHT(UPPER(A152),1)="D", RIGHT(UPPER(A152),3)="DAY", RIGHT(UPPER(A152),4)="DAYS"), "0-28 Days", IF(RIGHT(UPPER(A152),3)="MTH", "1-11 Months", IF(A152+0<1, "0-28 Days", IF(A152+0<5, "1-4 Years", IF(A152+0<10, "5-9 Years", IF(A152+0<15, "10-14 Years", IF(A152+0<18, "15-17 Years", IF(A152+0<20, "18-19 Years", IF(A152+0<35, "20-34 Years", IF(A152+0<50, "35-49 Years", IF(A152+0<60, "50-59 Years", IF(A152+0<70, "60-69 Years", "70+ Years" )))))))))))), "Unknown") -> 5-9 Years
A153: 1 | B153: F | C153: C/W | D153: =IFERROR( IF(OR(RIGHT(UPPER(A153),1)="D", RIGHT(UPPER(A153),3)="DAY", RIGHT(UPPER(A153),4)="DAYS"), "0-28 Days", IF(RIGHT(UPPER(A153),3)="MTH", "1-11 Months", IF(A153+0<1, "0-28 Days", IF(A153+0<5, "1-4 Years", IF(A153+0<10, "5-9 Years", IF(A153+0<15, "10-14 Years", IF(A153+0<18, "15-17 Years", IF(A153+0<20, "18-19 Years", IF(A153+0<35, "20-34 Years", IF(A153+0<50, "35-49 Years", IF(A153+0<60, "50-59 Years", IF(A153+0<70, "60-69 Years", "70+ Years" )))))))))))), "Unknown") -> 1-4 Years
A154: 1 | B154: F | C154: C/W | D154: =IFERROR( IF(OR(RIGHT(UPPER(A154),1)="D", RIGHT(UPPER(A154),3)="DAY", RIGHT(UPPER(A154),4)="DAYS"), "0-28 Days", IF(RIGHT(UPPER(A154),3)="MTH", "1-11 Months", IF(A154+0<1, "0-28 Days", IF(A154+0<5, "1-4 Years", IF(A154+0<10, "5-9 Years", IF(A154+0<15, "10-14 Years", IF(A154+0<18, "15-17 Years", IF(A154+0<20, "18-19 Years", IF(A154+0<35, "20-34 Years", IF(A154+0<50, "35-49 Years", IF(A154+0<60, "50-59 Years", IF(A154+0<70, "60-69 Years", "70+ Years" )))))))))))), "Unknown") -> 1-4 Years
A155: 11 MTH | B155: M | C155: C/W | D155: =IFERROR( IF(OR(RIGHT(UPPER(A155),1)="D", RIGHT(UPPER(A155),3)="DAY", RIGHT(UPPER(A155),4)="DAYS"), "0-28 Days", IF(RIGHT(UPPER(A155),3)="MTH", "1-11 Months", IF(A155+0<1, "0-28 Days", IF(A155+0<5, "1-4 Years", IF(A155+0<10, "5-9 Years", IF(A155+0<15, "10-14 Years", IF(A155+0<18, "15-17 Years", IF(A155+0<20, "18-19 Years", IF(A155+0<35, "20-34 Years", IF(A155+0<50, "35-49 Years", IF(A155+0<60, "50-59 Years", IF(A155+0<70, "60-69 Years", "70+ Years" )))))))))))), "Unknown") -> 1-11 Months
A156: 5 | B156: F | C156: C/W | D156: =IFERROR( IF(OR(RIGHT(UPPER(A156),1)="D", RIGHT(UPPER(A156),3)="DAY", RIGHT(UPPER(A156),4)="DAYS"), "0-28 Days", IF(RIGHT(UPPER(A156),3)="MTH", "1-11 Months", IF(A156+0<1, "0-28 Days", IF(A156+0<5, "1-4 Years", IF(A156+0<10, "5-9 Years", IF(A156+0<15, "10-14 Years", IF(A156+0<18, "15-17 Years", IF(A156+0<20, "18-19 Years", IF(A156+0<35, "20-34 Years", IF(A156+0<50, "35-49 Years", IF(A156+0<60, "50-59 Years", IF(A156+0<70, "60-69 Years", "70+ Years" )))))))))))), "Unknown") -> 5-9 Years
A157: 6 | B157: F | C157: C/W | D157: =IFERROR( IF(OR(RIGHT(UPPER(A157),1)="D", RIGHT(UPPER(A157),3)="DAY", RIGHT(UPPER(A157),4)="DAYS"), "0-28 Days", IF(RIGHT(UPPER(A157),3)="MTH", "1-11 Months", IF(A157+0<1, "0-28 Days", IF(A157+0<5, "1-4 Years", IF(A157+0<10, "5-9 Years", IF(A157+0<15, "10-14 Years", IF(A157+0<18, "15-17 Years", IF(A157+0<20, "18-19 Years", IF(A157+0<35, "20-34 Years", IF(A157+0<50, "35-49 Years", IF(A157+0<60, "50-59 Years", IF(A157+0<70, "60-69 Years", "70+ Years" )))))))))))), "Unknown") -> 5-9 Years
A158: 7 | B158: M | C158: C/W | D158: =IFERROR( IF(OR(RIGHT(UPPER(A158),1)="D", RIGHT(UPPER(A158),3)="DAY", RIGHT(UPPER(A158),4)="DAYS"), "0-28 Days", IF(RIGHT(UPPER(A158),3)="MTH", "1-11 Months", IF(A158+0<1, "0-28 Days", IF(A158+0<5, "1-4 Years", IF(A158+0<10, "5-9 Years", IF(A158+0<15, "10-14 Years", IF(A158+0<18, "15-17 Years", IF(A158+0<20, "18-19 Years", IF(A158+0<35, "20-34 Years", IF(A158+0<50, "35-49 Years", IF(A158+0<60, "50-59 Years", IF(A158+0<70, "60-69 Years", "70+ Years" )))))))))))), "Unknown") -> 5-9 Years
A159: 2 | B159: F | C159: C/W | D159: =IFERROR( IF(OR(RIGHT(UPPER(A159),1)="D", RIGHT(UPPER(A159),3)="DAY", RIGHT(UPPER(A159),4)="DAYS"), "0-28 Days", IF(RIGHT(UPPER(A159),3)="MTH", "1-11 Months", IF(A159+0<1, "0-28 Days", IF(A159+0<5, "1-4 Years", IF(A159+0<10, "5-9 Years", IF(A159+0<15, "10-14 Years", IF(A159+0<18, "15-17 Years", IF(A159+0<20, "18-19 Years", IF(A159+0<35, "20-34 Years", IF(A159+0<50, "35-49 Years", IF(A159+0<60, "50-59 Years", IF(A159+0<70, "60-69 Years", "70+ Years" )))))))))))), "Unknown") -> 1-4 Years
A160: 2 | B160: F | C160: C/W | D160: =IFERROR( IF(OR(RIGHT(UPPER(A160),1)="D", RIGHT(UPPER(A160),3)="DAY", RIGHT(UPPER(A160),4)="DAYS"), "0-28 Days", IF(RIGHT(UPPER(A160),3)="MTH", "1-11 Months", IF(A160+0<1, "0-28 Days", IF(A160+0<5, "1-4 Years", IF(A160+0<10, "5-9 Years", IF(A160+0<15, "10-14 Years", IF(A160+0<18, "15-17 Years", IF(A160+0<20, "18-19 Years", IF(A160+0<35, "20-34 Years", IF(A160+0<50, "35-49 Years", IF(A160+0<60, "50-59 Years", IF(A160+0<70, "60-69 Years", "70+ Years" )))))))))))), "Unknown") -> 1-4 Years
A161: 2 | B161: F | C161: C/W | D161: =IFERROR( IF(OR(RIGHT(UPPER(A161),1)="D", RIGHT(UPPER(A161),3)="DAY", RIGHT(UPPER(A161),4)="DAYS"), "0-28 Days", IF(RIGHT(UPPER(A161),3)="MTH", "1-11 Months", IF(A161+0<1, "0-28 Days", IF(A161+0<5, "1-4 Years", IF(A161+0<10, "5-9 Years", IF(A161+0<15, "10-14 Years", IF(A161+0<18, "15-17 Years", IF(A161+0<20, "18-19 Years", IF(A161+0<35, "20-34 Years", IF(A161+0<50, "35-49 Years", IF(A161+0<60, "50-59 Years", IF(A161+0<70, "60-69 Years", "70+ Years" )))))))))))), "Unknown") -> 1-4 Years
A162: 4 | B162: M | C162: C/W | D162: =IFERROR( IF(OR(RIGHT(UPPER(A162),1)="D", RIGHT(UPPER(A162),3)="DAY", RIGHT(UPPER(A162),4)="DAYS"), "0-28 Days", IF(RIGHT(UPPER(A162),3)="MTH", "1-11 Months", IF(A162+0<1, "0-28 Days", IF(A162+0<5, "1-4 Years", IF(A162+0<10, "5-9 Years", IF(A162+0<15, "10-14 Years", IF(A162+0<18, "15-17 Years", IF(A162+0<20, "18-19 Years", IF(A162+0<35, "20-34 Years", IF(A162+0<50, "35-49 Years", IF(A162+0<60, "50-59 Years", IF(A162+0<70, "60-69 Years", "70+ Years" )))))))))))), "Unknown") -> 1-4 Years
A163: 7 | B163: M | C163: C/W | D163: =IFERROR( IF(OR(RIGHT(UPPER(A163),1)="D", RIGHT(UPPER(A163),3)="DAY", RIGHT(UPPER(A163),4)="DAYS"), "0-28 Days", IF(RIGHT(UPPER(A163),3)="MTH", "1-11 Months", IF(A163+0<1, "0-28 Days", IF(A163+0<5, "1-4 Years", IF(A163+0<10, "5-9 Years", IF(A163+0<15, "10-14 Years", IF(A163+0<18, "15-17 Years", IF(A163+0<20, "18-19 Years", IF(A163+0<35, "20-34 Years", IF(A163+0<50, "35-49 Years", IF(A163+0<60, "50-59 Years", IF(A163+0<70, "60-69 Years", "70+ Years" )))))))))))), "Unknown") -> 5-9 Years
A164: 6 | B164: M | C164: C/W | D164: =IFERROR( IF(OR(RIGHT(UPPER(A164),1)="D", RIGHT(UPPER(A164),3)="DAY", RIGHT(UPPER(A164),4)="DAYS"), "0-28 Days", IF(RIGHT(UPPER(A164),3)="MTH", "1-11 Months", IF(A164+0<1, "0-28 Days", IF(A164+0<5, "1-4 Years", IF(A164+0<10, "5-9 Years", IF(A164+0<15, "10-14 Years", IF(A164+0<18, "15-17 Years", IF(A164+0<20, "18-19 Years", IF(A164+0<35, "20-34 Years", IF(A164+0<50, "35-49 Years", IF(A164+0<60, "50-59 Years", IF(A164+0<70, "60-69 Years", "70+ Years" )))))))))))), "Unknown") -> 5-9 Years
A165: 7 | B165: F | C165: C/W | D165: =IFERROR( IF(OR(RIGHT(UPPER(A165),1)="D", RIGHT(UPPER(A165),3)="DAY", RIGHT(UPPER(A165),4)="DAYS"), "0-28 Days", IF(RIGHT(UPPER(A165),3)="MTH", "1-11 Months", IF(A165+0<1, "0-28 Days", IF(A165+0<5, "1-4 Years", IF(A165+0<10, "5-9 Years", IF(A165+0<15, "10-14 Years", IF(A165+0<18, "15-17 Years", IF(A165+0<20, "18-19 Years", IF(A165+0<35, "20-34 Years", IF(A165+0<50, "35-49 Years", IF(A165+0<60, "50-59 Years", IF(A165+0<70, "60-69 Years", "70+ Years" )))))))))))), "Unknown") -> 5-9 Years
A166: 1 | B166: M | C166: C/W | D166: =IFERROR( IF(OR(RIGHT(UPPER(A166),1)="D", RIGHT(UPPER(A166),3)="DAY", RIGHT(UPPER(A166),4)="DAYS"), "0-28 Days", IF(RIGHT(UPPER(A166),3)="MTH", "1-11 Months", IF(A166+0<1, "0-28 Days", IF(A166+0<5, "1-4 Years", IF(A166+0<10, "5-9 Years", IF(A166+0<15, "10-14 Years", IF(A166+0<18, "15-17 Years", IF(A166+0<20, "18-19 Years", IF(A166+0<35, "20-34 Years", IF(A166+0<50, "35-49 Years", IF(A166+0<60, "50-59 Years", IF(A166+0<70, "60-69 Years", "70+ Years" )))))))))))), "Unknown") -> 1-4 Years
A167: 3 | B167: M | C167: C/W | D167: =IFERROR( IF(OR(RIGHT(UPPER(A167),1)="D", RIGHT(UPPER(A167),3)="DAY", RIGHT(UPPER(A167),4)="DAYS"), "0-28 Days", IF(RIGHT(UPPER(A167),3)="MTH", "1-11 Months", IF(A167+0<1, "0-28 Days", IF(A167+0<5, "1-4 Years", IF(A167+0<10, "5-9 Years", IF(A167+0<15, "10-14 Years", IF(A167+0<18, "15-17 Years", IF(A167+0<20, "18-19 Years", IF(A167+0<35, "20-34 Years", IF(A167+0<50, "35-49 Years", IF(A167+0<60, "50-59 Years", IF(A167+0<70, "60-69 Years", "70+ Years" )))))))))))), "Unknown") -> 1-4 Years
A168: 1 MTH | B168: F | C168: C/W | D168: =IFERROR( IF(OR(RIGHT(UPPER(A168),1)="D", RIGHT(UPPER(A168),3)="DAY", RIGHT(UPPER(A168),4)="DAYS"), "0-28 Days", IF(RIGHT(UPPER(A168),3)="MTH", "1-11 Months", IF(A168+0<1, "0-28 Days", IF(A168+0<5, "1-4 Years", IF(A168+0<10, "5-9 Years", IF(A168+0<15, "10-14 Years", IF(A168+0<18, "15-17 Years", IF(A168+0<20, "18-19 Years", IF(A168+0<35, "20-34 Years", IF(A168+0<50, "35-49 Years", IF(A168+0<60, "50-59 Years", IF(A168+0<70, "60-69 Years", "70+ Years" )))))))))))), "Unknown") -> 1-11 Months
A169: 2 | B169: F | C169: C/W | D169: =IFERROR( IF(OR(RIGHT(UPPER(A169),1)="D", RIGHT(UPPER(A169),3)="DAY", RIGHT(UPPER(A169),4)="DAYS"), "0-28 Days", IF(RIGHT(UPPER(A169),3)="MTH", "1-11 Months", IF(A169+0<1, "0-28 Days", IF(A169+0<5, "1-4 Years", IF(A169+0<10, "5-9 Years", IF(A169+0<15, "10-14 Years", IF(A169+0<18, "15-17 Years", IF(A169+0<20, "18-19 Years", IF(A169+0<35, "20-34 Years", IF(A169+0<50, "35-49 Years", IF(A169+0<60, "50-59 Years", IF(A169+0<70, "60-69 Years", "70+ Years" )))))))))))), "Unknown") -> 1-4 Years
A170: 1 | B170: M | C170: C/W | D170: =IFERROR( IF(OR(RIGHT(UPPER(A170),1)="D", RIGHT(UPPER(A170),3)="DAY", RIGHT(UPPER(A170),4)="DAYS"), "0-28 Days", IF(RIGHT(UPPER(A170),3)="MTH", "1-11 Months", IF(A170+0<1, "0-28 Days", IF(A170+0<5, "1-4 Years", IF(A170+0<10, "5-9 Years", IF(A170+0<15, "10-14 Years", IF(A170+0<18, "15-17 Years", IF(A170+0<20, "18-19 Years", IF(A170+0<35, "20-34 Years", IF(A170+0<50, "35-49 Years", IF(A170+0<60, "50-59 Years", IF(A170+0<70, "60-69 Years", "70+ Years" )))))))))))), "Unknown") -> 1-4 Years
A171: 1 | B171: M | C171: C/W | D171: =IFERROR( IF(OR(RIGHT(UPPER(A171),1)="D", RIGHT(UPPER(A171),3)="DAY", RIGHT(UPPER(A171),4)="DAYS"), "0-28 Days", IF(RIGHT(UPPER(A171),3)="MTH", "1-11 Months", IF(A171+0<1, "0-28 Days", IF(A171+0<5, "1-4 Years", IF(A171+0<10, "5-9 Years", IF(A171+0<15, "10-14 Years", IF(A171+0<18, "15-17 Years", IF(A171+0<20, "18-19 Years", IF(A171+0<35, "20-34 Years", IF(A171+0<50, "35-49 Years", IF(A171+0<60, "50-59 Years", IF(A171+0<70, "60-69 Years", "70+ Years" )))))))))))), "Unknown") -> 1-4 Years
A172: 2 | B172: M | C172: C/W | D172: =IFERROR( IF(OR(RIGHT(UPPER(A172),1)="D", RIGHT(UPPER(A172),3)="DAY", RIGHT(UPPER(A172),4)="DAYS"), "0-28 Days", IF(RIGHT(UPPER(A172),3)="MTH", "1-11 Months", IF(A172+0<1, "0-28 Days", IF(A172+0<5, "1-4 Years", IF(A172+0<10, "5-9 Years", IF(A172+0<15, "10-14 Years", IF(A172+0<18, "15-17 Years", IF(A172+0<20, "18-19 Years", IF(A172+0<35, "20-34 Years", IF(A172+0<50, "35-49 Years", IF(A172+0<60, "50-59 Years", IF(A172+0<70, "60-69 Years", "70+ Years" )))))))))))), "Unknown") -> 1-4 Years
A173: 2 | B173: F | C173: C/W | D173: =IFERROR( IF(OR(RIGHT(UPPER(A173),1)="D", RIGHT(UPPER(A173),3)="DAY", RIGHT(UPPER(A173),4)="DAYS"), "0-28 Days", IF(RIGHT(UPPER(A173),3)="MTH", "1-11 Months", IF(A173+0<1, "0-28 Days", IF(A173+0<5, "1-4 Years", IF(A173+0<10, "5-9 Years", IF(A173+0<15, "10-14 Years", IF(A173+0<18, "15-17 Years", IF(A173+0<20, "18-19 Years", IF(A173+0<35, "20-34 Years", IF(A173+0<50, "35-49 Years", IF(A173+0<60, "50-59 Years", IF(A173+0<70, "60-69 Years", "70+ Years" )))))))))))), "Unknown") -> 1-4 Years
A174: 4 | B174: M | C174: C/W | D174: =IFERROR( IF(OR(RIGHT(UPPER(A174),1)="D", RIGHT(UPPER(A174),3)="DAY", RIGHT(UPPER(A174),4)="DAYS"), "0-28 Days", IF(RIGHT(UPPER(A174),3)="MTH", "1-11 Months", IF(A174+0<1, "0-28 Days", IF(A174+0<5, "1-4 Years", IF(A174+0<10, "5-9 Years", IF(A174+0<15, "10-14 Years", IF(A174+0<18, "15-17 Years", IF(A174+0<20, "18-19 Years", IF(A174+0<35, "20-34 Years", IF(A174+0<50, "35-49 Years", IF(A174+0<60, "50-59 Years", IF(A174+0<70, "60-69 Years", "70+ Years" )))))))))))), "Unknown") -> 1-4 Years
A175: 12 | B175: F | C175: C/W | D175: =IFERROR( IF(OR(RIGHT(UPPER(A175),1)="D", RIGHT(UPPER(A175),3)="DAY", RIGHT(UPPER(A175),4)="DAYS"), "0-28 Days", IF(RIGHT(UPPER(A175),3)="MTH", "1-11 Months", IF(A175+0<1, "0-28 Days", IF(A175+0<5, "1-4 Years", IF(A175+0<10, "5-9 Years", IF(A175+0<15, "10-14 Years", IF(A175+0<18, "15-17 Years", IF(A175+0<20, "18-19 Years", IF(A175+0<35, "20-34 Years", IF(A175+0<50, "35-49 Years", IF(A175+0<60, "50-59 Years", IF(A175+0<70, "60-69 Years", "70+ Years" )))))))))))), "Unknown") -> 10-14 Years
A176: 1 | B176: F | C176: C/W | D176: =IFERROR( IF(OR(RIGHT(UPPER(A176),1)="D", RIGHT(UPPER(A176),3)="DAY", RIGHT(UPPER(A176),4)="DAYS"), "0-28 Days", IF(RIGHT(UPPER(A176),3)="MTH", "1-11 Months", IF(A176+0<1, "0-28 Days", IF(A176+0<5, "1-4 Years", IF(A176+0<10, "5-9 Years", IF(A176+0<15, "10-14 Years", IF(A176+0<18, "15-17 Years", IF(A176+0<20, "18-19 Years", IF(A176+0<35, "20-34 Years", IF(A176+0<50, "35-49 Years", IF(A176+0<60, "50-59 Years", IF(A176+0<70, "60-69 Years", "70+ Years" )))))))))))), "Unknown") -> 1-4 Years
A177: 8 | B177: F | C177: C/W | D177: =IFERROR( IF(OR(RIGHT(UPPER(A177),1)="D", RIGHT(UPPER(A177),3)="DAY", RIGHT(UPPER(A177),4)="DAYS"), "0-28 Days", IF(RIGHT(UPPER(A177),3)="MTH", "1-11 Months", IF(A177+0<1, "0-28 Days", IF(A177+0<5, "1-4 Years", IF(A177+0<10, "5-9 Years", IF(A177+0<15, "10-14 Years", IF(A177+0<18, "15-17 Years", IF(A177+0<20, "18-19 Years", IF(A177+0<35, "20-34 Years", IF(A177+0<50, "35-49 Years", IF(A177+0<60, "50-59 Years", IF(A177+0<70, "60-69 Years", "70+ Years" )))))))))))), "Unknown") -> 5-9 Years
A178: 2 | B178: M | C178: C/W | D178: =IFERROR( IF(OR(RIGHT(UPPER(A178),1)="D", RIGHT(UPPER(A178),3)="DAY", RIGHT(UPPER(A178),4)="DAYS"), "0-28 Days", IF(RIGHT(UPPER(A178),3)="MTH", "1-11 Months", IF(A178+0<1, "0-28 Days", IF(A178+0<5, "1-4 Years", IF(A178+0<10, "5-9 Years", IF(A178+0<15, "10-14 Years", IF(A178+0<18, "15-17 Years", IF(A178+0<20, "18-19 Years", IF(A178+0<35, "20-34 Years", IF(A178+0<50, "35-49 Years", IF(A178+0<60, "50-59 Years", IF(A178+0<70, "60-69 Years", "70+ Years" )))))))))))), "Unknown") -> 1-4 Years
A179: 4 | B179: M | C179: C/W | D179: =IFERROR( IF(OR(RIGHT(UPPER(A179),1)="D", RIGHT(UPPER(A179),3)="DAY", RIGHT(UPPER(A179),4)="DAYS"), "0-28 Days", IF(RIGHT(UPPER(A179),3)="MTH", "1-11 Months", IF(A179+0<1, "0-28 Days", IF(A179+0<5, "1-4 Years", IF(A179+0<10, "5-9 Years", IF(A179+0<15, "10-14 Years", IF(A179+0<18, "15-17 Years", IF(A179+0<20, "18-19 Years", IF(A179+0<35, "20-34 Years", IF(A179+0<50, "35-49 Years", IF(A179+0<60, "50-59 Years", IF(A179+0<70, "60-69 Years", "70+ Years" )))))))))))), "Unknown") -> 1-4 Years
A180: 3 | B180: F | C180: C/W | D180: =IFERROR( IF(OR(RIGHT(UPPER(A180),1)="D", RIGHT(UPPER(A180),3)="DAY", RIGHT(UPPER(A180),4)="DAYS"), "0-28 Days", IF(RIGHT(UPPER(A180),3)="MTH", "1-11 Months", IF(A180+0<1, "0-28 Days", IF(A180+0<5, "1-4 Years", IF(A180+0<10, "5-9 Years", IF(A180+0<15, "10-14 Years", IF(A180+0<18, "15-17 Years", IF(A180+0<20, "18-19 Years", IF(A180+0<35, "20-34 Years", IF(A180+0<50, "35-49 Years", IF(A180+0<60, "50-59 Years", IF(A180+0<70, "60-69 Years", "70+ Years" )))))))))))), "Unknown") -> 1-4 Years
... A461: 29 | B461: F | C461: BLK/H | D461: =IFERROR( IF(OR(RIGHT(UPPER(A461),1)="D", RIGHT(UPPER(A461),3)="DAY", RIGHT(UPPER(A461),4)="DAYS"), "0-28 Days", IF(RIGHT(UPPER(A461),3)="MTH", "1-11 Months", IF(A461+0<1, "0-28 Days", IF(A461+0<5, "1-4 Years", IF(A461+0<10, "5-9 Years", IF(A461+0<15, "10-14 Years", IF(A461+0<18, "15-17 Years", IF(A461+0<20, "18-19 Years", IF(A461+0<35, "20-34 Years", IF(A461+0<50, "35-49 Years", IF(A461+0<60, "50-59 Years", IF(A461+0<70, "60-69 Years", "70+ Years" )))))))))))), "Unknown") -> 20-34 Years
A462: 0 D | B462: F | C462: NICU | D462: =IFERROR( IF(OR(RIGHT(UPPER(A462),1)="D", RIGHT(UPPER(A462),3)="DAY", RIGHT(UPPER(A462),4)="DAYS"), "0-28 Days", IF(RIGHT(UPPER(A462),3)="MTH", "1-11 Months", IF(A462+0<1, "0-28 Days", IF(A462+0<5, "1-4 Years", IF(A462+0<10, "5-9 Years", IF(A462+0<15, "10-14 Years", IF(A462+0<18, "15-17 Years", IF(A462+0<20, "18-19 Years", IF(A462+0<35, "20-34 Years", IF(A462+0<50, "35-49 Years", IF(A462+0<60, "50-59 Years", IF(A462+0<70, "60-69 Years", "70+ Years" )))))))))))), "Unknown") -> 0-28 Days
A463: 0 D | B463: F | C463: NICU | D463: =IFERROR( IF(OR(RIGHT(UPPER(A463),1)="D", RIGHT(UPPER(A463),3)="DAY", RIGHT(UPPER(A463),4)="DAYS"), "0-28 Days", IF(RIGHT(UPPER(A463),3)="MTH", "1-11 Months", IF(A463+0<1, "0-28 Days", IF(A463+0<5, "1-4 Years", IF(A463+0<10, "5-9 Years", IF(A463+0<15, "10-14 Years", IF(A463+0<18, "15-17 Years", IF(A463+0<20, "18-19 Years", IF(A463+0<35, "20-34 Years", IF(A463+0<50, "35-49 Years", IF(A463+0<60, "50-59 Years", IF(A463+0<70, "60-69 Years", "70+ Years" )))))))))))), "Unknown") -> 0-28 Days
A464: 0 D | B464: M | C464: NICU | D464: =IFERROR( IF(OR(RIGHT(UPPER(A464),1)="D", RIGHT(UPPER(A464),3)="DAY", RIGHT(UPPER(A464),4)="DAYS"), "0-28 Days", IF(RIGHT(UPPER(A464),3)="MTH", "1-11 Months", IF(A464+0<1, "0-28 Days", IF(A464+0<5, "1-4 Years", IF(A464+0<10, "5-9 Years", IF(A464+0<15, "10-14 Years", IF(A464+0<18, "15-17 Years", IF(A464+0<20, "18-19 Years", IF(A464+0<35, "20-34 Years", IF(A464+0<50, "35-49 Years", IF(A464+0<60, "50-59 Years", IF(A464+0<70, "60-69 Years", "70+ Years" )))))))))))), "Unknown") -> 0-28 Days
A465: 1 D | B465: M | C465: NICU | D465: =IFERROR( IF(OR(RIGHT(UPPER(A465),1)="D", RIGHT(UPPER(A465),3)="DAY", RIGHT(UPPER(A465),4)="DAYS"), "0-28 Days", IF(RIGHT(UPPER(A465),3)="MTH", "1-11 Months", IF(A465+0<1, "0-28 Days", IF(A465+0<5, "1-4 Years", IF(A465+0<10, "5-9 Years", IF(A465+0<15, "10-14 Years", IF(A465+0<18, "15-17 Years", IF(A465+0<20, "18-19 Years", IF(A465+0<35, "20-34 Years", IF(A465+0<50, "35-49 Years", IF(A465+0<60, "50-59 Years", IF(A465+0<70, "60-69 Years", "70+ Years" )))))))))))), "Unknown") -> 0-28 Days
A466: 1 D | B466: M | C466: NICU | D466: =IFERROR( IF(OR(RIGHT(UPPER(A466),1)="D", RIGHT(UPPER(A466),3)="DAY", RIGHT(UPPER(A466),4)="DAYS"), "0-28 Days", IF(RIGHT(UPPER(A466),3)="MTH", "1-11 Months", IF(A466+0<1, "0-28 Days", IF(A466+0<5, "1-4 Years", IF(A466+0<10, "5-9 Years", IF(A466+0<15, "10-14 Years", IF(A466+0<18, "15-17 Years", IF(A466+0<20, "18-19 Years", IF(A466+0<35, "20-34 Years", IF(A466+0<50, "35-49 Years", IF(A466+0<60, "50-59 Years", IF(A466+0<70, "60-69 Years", "70+ Years" )))))))))))), "Unknown") -> 0-28 Days
A467: 0 D | B467: F | C467: NICU | D467: =IFERROR( IF(OR(RIGHT(UPPER(A467),1)="D", RIGHT(UPPER(A467),3)="DAY", RIGHT(UPPER(A467),4)="DAYS"), "0-28 Days", IF(RIGHT(UPPER(A467),3)="MTH", "1-11 Months", IF(A467+0<1, "0-28 Days", IF(A467+0<5, "1-4 Years", IF(A467+0<10, "5-9 Years", IF(A467+0<15, "10-14 Years", IF(A467+0<18, "15-17 Years", IF(A467+0<20, "18-19 Years", IF(A467+0<35, "20-34 Years", IF(A467+0<50, "35-49 Years", IF(A467+0<60, "50-59 Years", IF(A467+0<70, "60-69 Years", "70+ Years" )))))))))))), "Unknown") -> 0-28 Days
A468: 0 D | B468: F | C468: NICU | D468: =IFERROR( IF(OR(RIGHT(UPPER(A468),1)="D", RIGHT(UPPER(A468),3)="DAY", RIGHT(UPPER(A468),4)="DAYS"), "0-28 Days", IF(RIGHT(UPPER(A468),3)="MTH", "1-11 Months", IF(A468+0<1, "0-28 Days", IF(A468+0<5, "1-4 Years", IF(A468+0<10, "5-9 Years", IF(A468+0<15, "10-14 Years", IF(A468+0<18, "15-17 Years", IF(A468+0<20, "18-19 Years", IF(A468+0<35, "20-34 Years", IF(A468+0<50, "35-49 Years", IF(A468+0<60, "50-59 Years", IF(A468+0<70, "60-69 Years", "70+ Years" )))))))))))), "Unknown") -> 0-28 Days
A469: 0 D | B469: F | C469: NICU | D469: =IFERROR( IF(OR(RIGHT(UPPER(A469),1)="D", RIGHT(UPPER(A469),3)="DAY", RIGHT(UPPER(A469),4)="DAYS"), "0-28 Days", IF(RIGHT(UPPER(A469),3)="MTH", "1-11 Months", IF(A469+0<1, "0-28 Days", IF(A469+0<5, "1-4 Years", IF(A469+0<10, "5-9 Years", IF(A469+0<15, "10-14 Years", IF(A469+0<18, "15-17 Years", IF(A469+0<20, "18-19 Years", IF(A469+0<35, "20-34 Years", IF(A469+0<50, "35-49 Years", IF(A469+0<60, "50-59 Years", IF(A469+0<70, "60-69 Years", "70+ Years" )))))))))))), "Unknown") -> 0-28 Days
A470: 0 D | B470: M | C470: NICU | D470: =IFERROR( IF(OR(RIGHT(UPPER(A470),1)="D", RIGHT(UPPER(A470),3)="DAY", RIGHT(UPPER(A470),4)="DAYS"), "0-28 Days", IF(RIGHT(UPPER(A470),3)="MTH", "1-11 Months", IF(A470+0<1, "0-28 Days", IF(A470+0<5, "1-4 Years", IF(A470+0<10, "5-9 Years", IF(A470+0<15, "10-14 Years", IF(A470+0<18, "15-17 Years", IF(A470+0<20, "18-19 Years", IF(A470+0<35, "20-34 Years", IF(A470+0<50, "35-49 Years", IF(A470+0<60, "50-59 Years", IF(A470+0<70, "60-69 Years", "70+ Years" )))))))))))), "Unknown") -> 0-28 Days
A471: 0 D | B471: M | C471: NICU | D471: =IFERROR( IF(OR(RIGHT(UPPER(A471),1)="D", RIGHT(UPPER(A471),3)="DAY", RIGHT(UPPER(A471),4)="DAYS"), "0-28 Days", IF(RIGHT(UPPER(A471),3)="MTH", "1-11 Months", IF(A471+0<1, "0-28 Days", IF(A471+0<5, "1-4 Years", IF(A471+0<10, "5-9 Years", IF(A471+0<15, "10-14 Years", IF(A471+0<18, "15-17 Years", IF(A471+0<20, "18-19 Years", IF(A471+0<35, "20-34 Years", IF(A471+0<50, "35-49 Years", IF(A471+0<60, "50-59 Years", IF(A471+0<70, "60-69 Years", "70+ Years" )))))))))))), "Unknown") -> 0-28 Days
